Question ID (machine readable),Response ID (machine readable),Response value,Answer requirement,Human-friendly question label
PSL_DATA_COLLECTION_COLLECTS_PERSONAL_DATA,,true,REQUIRED,האם האפליקציה שלך אוספת או משתפת סוג כלשהו של נתוני משתמשים שצריך לדווח על איסוף או שיתוף שלהם?
PSL_DATA_COLLECTION_ENCRYPTED_IN_TRANSIT,,true,MAYBE_REQUIRED,האם כל נתוני המשתמשים שנאספו על ידי האפליקציה מוצפנים בזמן ההעברה?
PSL_SUPPORTED_ACCOUNT_CREATION_METHODS,PSL_ACM_USER_ID_PASSWORD,,MULTIPLE_CHOICE,באילו מהשיטות הבאות ליצירת חשבונות האפליקציה שלך תומכת? יש לבחור את כל האפשרויות המתאימות / שם משתמש וסיסמה
PSL_SUPPORTED_ACCOUNT_CREATION_METHODS,PSL_ACM_USER_ID_OTHER_AUTH,,MULTIPLE_CHOICE,באילו מהשיטות הבאות ליצירת חשבונות האפליקציה שלך תומכת? יש לבחור את כל האפשרויות המתאימות / שם משתמש ואמצעי אימות אחר
PSL_SUPPORTED_ACCOUNT_CREATION_METHODS,PSL_ACM_USER_ID_PASSWORD_OTHER_AUTH,true,MULTIPLE_CHOICE,"באילו מהשיטות הבאות ליצירת חשבונות האפליקציה שלך תומכת? יש לבחור את כל האפשרויות המתאימות / שם משתמש, סיסמה ואמצעי אימות אחר"
PSL_SUPPORTED_ACCOUNT_CREATION_METHODS,PSL_ACM_OAUTH,true,MULTIPLE_CHOICE,באילו מהשיטות הבאות ליצירת חשבונות האפליקציה שלך תומכת? יש לבחור את כל האפשרויות המתאימות / OAuth
PSL_SUPPORTED_ACCOUNT_CREATION_METHODS,PSL_ACM_OTHER,,MULTIPLE_CHOICE,באילו מהשיטות הבאות ליצירת חשבונות האפליקציה שלך תומכת? יש לבחור את כל האפשרויות המתאימות / אחר
PSL_SUPPORTED_ACCOUNT_CREATION_METHODS,PSL_ACM_NONE,,MULTIPLE_CHOICE,באילו מהשיטות הבאות ליצירת חשבונות האפליקציה שלך תומכת? יש לבחור את כל האפשרויות המתאימות / האפליקציה שלי לא מאפשרת למשתמשים ליצור חשבון
PSL_ACM_SPECIFY,,,MAYBE_REQUIRED,יש לתאר את שיטת יצירת החשבון שהאפליקציה שלך תומכת בה
PSL_ACCOUNT_DELETION_URL,,https://betshuva.com/betshuva-app/delete-account,MAYBE_REQUIRED,יש להוסיף קישור שבאמצעותו המשתמשים יוכלו לבקש למחוק את החשבון ואת הנתונים המשויכים אליו 
PSL_SUPPORT_DATA_DELETION_BY_USER,DATA_DELETION_YES,true,SINGLE_CHOICE,האם למשתמשים יש אפשרות לבקש שהנתונים שלהם יימחקו? / כן
PSL_SUPPORT_DATA_DELETION_BY_USER,DATA_DELETION_NO,,SINGLE_CHOICE,האם למשתמשים יש אפשרות לבקש שהנתונים שלהם יימחקו? / לא
PSL_SUPPORT_DATA_DELETION_BY_USER,DATA_DELETION_NO_AUTO_DELETED,,SINGLE_CHOICE,"האם למשתמשים יש אפשרות לבקש שהנתונים שלהם יימחקו? / לא, אבל נתוני המשתמשים נמחקים באופן אוטומטי תוך 90 ימים"
PSL_DATA_DELETION_URL,,https://betshuva.com/betshuva-app/delete-account#delete-data,MAYBE_REQUIRED,כתובת URL למחיקת הנתונים
PSL_DATA_COLLECTION_COMPLIES_FAMILY_POLICY,,,OPTIONAL,"יש להשיב לשאלה הזו רק אם ציינת שקבוצת הגיל של האפליקציה שלך כוללת ילדים, או אם הצטרפת לתוכנית 'לכל המשפחה'. אם אחד מהתנאים הנ""ל מתקיימים, עליך לפעול בהתאם למדיניות למשפחות של Google Play (https://support.google.com/googleplay/android-developer/answer/9893335). רוצה להודיע למשתמשים על ההתחייבות הזו בסעיף אבטחת הנתונים בדף האפליקציה בחנות?"
PSL_INDEPENDENTLY_VALIDATED,,,OPTIONAL,"האם האפליקציה שלך עברה בהצלחה בדיקת אבטחה עצמאית, בהתאם למסגרת Mobile Application Security Assessment (MASA)? יש להשיב 'כן' רק אם הביקורת מנוהלת בניהול תקין."
PSL_UPI_BADGE_OPT_IN,,,OPTIONAL,רוצה להציג את התג הזה בדף האפליקציה בחנות?
PSL_HAS_OUTSIDE_APP_ACCOUNTS,,,OPTIONAL,המשתמשים יכולים להיכנס לאפליקציה שלך עם חשבונות שנוצרו מחוץ לאפליקציה?
PSL_OUTSIDE_APP_ACCOUNT_TYPES,PSL_LOGIN_WITH_OUTSIDE_APP_ID,,MULTIPLE_CHOICE,"איך החשבונות האלה נוצרו? / זיהוי מחוץ לאפליקציה (למשל קישור כרטיס SIM, מינוי לשירות)"
PSL_OUTSIDE_APP_ACCOUNT_TYPES,PSL_LOGIN_THROUGH_EMPLOYMENT_OR_ENTERPRISE_ACCOUNT,,MULTIPLE_CHOICE,איך החשבונות האלה נוצרו? / דרך מקום העבודה או חשבונות ארגוניים
PSL_OUTSIDE_APP_ACCOUNT_TYPES,PSL_OUTSIDE_APP_ACCOUNT_TYPE_OTHER,,MULTIPLE_CHOICE,איך החשבונות האלה נוצרו? / אחר
PSL_OUTSIDE_APP_ACCOUNT_TYPE_SPECIFY,,,MAYBE_REQUIRED,צריך לתאר איך החשבונות האלה נוצרו
PSL_DATA_TYPES_PERSONAL,PSL_NAME,true,MULTIPLE_CHOICE,פרטים אישיים / שם
PSL_DATA_TYPES_PERSONAL,PSL_EMAIL,true,MULTIPLE_CHOICE,פרטים אישיים / כתובת אימייל
PSL_DATA_TYPES_PERSONAL,PSL_USER_ACCOUNT,true,MULTIPLE_CHOICE,פרטים אישיים / מזהי משתמש
PSL_DATA_TYPES_PERSONAL,PSL_ADDRESS,true,MULTIPLE_CHOICE,פרטים אישיים / כתובת
PSL_DATA_TYPES_PERSONAL,PSL_PHONE,true,MULTIPLE_CHOICE,פרטים אישיים / מספר טלפון
PSL_DATA_TYPES_PERSONAL,PSL_RACE_ETHNICITY,,MULTIPLE_CHOICE,פרטים אישיים / קבוצה אתנית
PSL_DATA_TYPES_PERSONAL,PSL_POLITICAL_RELIGIOUS,,MULTIPLE_CHOICE,פרטים אישיים / תפישות פוליטיות או אמונות דתיות
PSL_DATA_TYPES_PERSONAL,PSL_SEXUAL_ORIENTATION_GENDER_IDENTITY,,MULTIPLE_CHOICE,פרטים אישיים / נטייה מינית
PSL_DATA_TYPES_PERSONAL,PSL_OTHER_PERSONAL,true,MULTIPLE_CHOICE,פרטים אישיים / מידע אחר
PSL_DATA_TYPES_FINANCIAL,PSL_CREDIT_DEBIT_BANK_ACCOUNT_NUMBER,,MULTIPLE_CHOICE,מידע פיננסי / פרטי התשלום של המשתמש
PSL_DATA_TYPES_FINANCIAL,PSL_PURCHASE_HISTORY,,MULTIPLE_CHOICE,מידע פיננסי / היסטוריית רכישות
PSL_DATA_TYPES_FINANCIAL,PSL_CREDIT_SCORE,,MULTIPLE_CHOICE,מידע פיננסי / דירוגי אשראי
PSL_DATA_TYPES_FINANCIAL,PSL_OTHER,,MULTIPLE_CHOICE,מידע פיננסי / מידע פיננסי אחר
PSL_DATA_TYPES_LOCATION,PSL_APPROX_LOCATION,true,MULTIPLE_CHOICE,מיקום / מיקום משוער
PSL_DATA_TYPES_LOCATION,PSL_PRECISE_LOCATION,true,MULTIPLE_CHOICE,מיקום / מיקום מדויק
PSL_DATA_TYPES_SEARCH_AND_BROWSING,PSL_WEB_BROWSING_HISTORY,,MULTIPLE_CHOICE,גלישה באינטרנט / היסטוריית הגלישה באינטרנט
PSL_DATA_TYPES_EMAIL_AND_TEXT,PSL_EMAILS,,MULTIPLE_CHOICE,הודעות / כתובות אימייל
PSL_DATA_TYPES_EMAIL_AND_TEXT,PSL_SMS_CALL_LOG,,MULTIPLE_CHOICE,הודעות / SMS או MMS
PSL_DATA_TYPES_EMAIL_AND_TEXT,PSL_OTHER_MESSAGES,true,MULTIPLE_CHOICE,הודעות / הודעות אחרות בתוך האפליקציה
PSL_DATA_TYPES_PHOTOS_AND_VIDEOS,PSL_PHOTOS,true,MULTIPLE_CHOICE,תמונות וסרטונים / תמונות
PSL_DATA_TYPES_PHOTOS_AND_VIDEOS,PSL_VIDEOS,true,MULTIPLE_CHOICE,תמונות וסרטונים / סרטונים
PSL_DATA_TYPES_AUDIO,PSL_AUDIO,true,MULTIPLE_CHOICE,קובצי אודיו / הקלטת אודיו
PSL_DATA_TYPES_AUDIO,PSL_MUSIC,,MULTIPLE_CHOICE,קובצי אודיו / קובצי מוזיקה
PSL_DATA_TYPES_AUDIO,PSL_OTHER_AUDIO,,MULTIPLE_CHOICE,קובצי אודיו / קובצי אודיו אחרים
PSL_DATA_TYPES_HEALTH_AND_FITNESS,PSL_HEALTH,,MULTIPLE_CHOICE,בריאות וכושר / מידע בריאותי
PSL_DATA_TYPES_HEALTH_AND_FITNESS,PSL_FITNESS,,MULTIPLE_CHOICE,בריאות וכושר / נתוני כושר
PSL_DATA_TYPES_CONTACTS,PSL_CONTACTS,true,MULTIPLE_CHOICE,אנשי קשר / אנשי קשר
PSL_DATA_TYPES_CALENDAR,PSL_CALENDAR,,MULTIPLE_CHOICE,יומן / אירועים ביומן
PSL_DATA_TYPES_APP_PERFORMANCE,PSL_CRASH_LOGS,,MULTIPLE_CHOICE,מידע על האפליקציה וביצועי האפליקציה / יומני קריסה
PSL_DATA_TYPES_APP_PERFORMANCE,PSL_PERFORMANCE_DIAGNOSTICS,,MULTIPLE_CHOICE,מידע על האפליקציה וביצועי האפליקציה / ניתוחים
PSL_DATA_TYPES_APP_PERFORMANCE,PSL_OTHER_PERFORMANCE,,MULTIPLE_CHOICE,מידע על האפליקציה וביצועי האפליקציה / נתונים אחרים של ביצועי האפליקציה
PSL_DATA_TYPES_FILES_AND_DOCS,PSL_FILES_AND_DOCS,true,MULTIPLE_CHOICE,קבצים ומסמכים / קבצים ומסמכים
PSL_DATA_TYPES_APP_ACTIVITY,PSL_USER_INTERACTION,true,MULTIPLE_CHOICE,פעילות באפליקציות / אינטראקציות באפליקציה
PSL_DATA_TYPES_APP_ACTIVITY,PSL_IN_APP_SEARCH_HISTORY,,MULTIPLE_CHOICE,פעילות באפליקציות / היסטוריית חיפושים בתוך האפליקציה
PSL_DATA_TYPES_APP_ACTIVITY,PSL_APPS_ON_DEVICE,,MULTIPLE_CHOICE,פעילות באפליקציות / אפליקציות מותקנות
PSL_DATA_TYPES_APP_ACTIVITY,PSL_USER_GENERATED_CONTENT,true,MULTIPLE_CHOICE,פעילות באפליקציות / תוכן אחר של משתמשים
PSL_DATA_TYPES_APP_ACTIVITY,PSL_OTHER_APP_ACTIVITY,true,MULTIPLE_CHOICE,פעילות באפליקציות / פעולות אחרות
PSL_DATA_TYPES_IDENTIFIERS,PSL_DEVICE_ID,true,MULTIPLE_CHOICE,מזהה המכשיר או מזהים אחרים / מזהה המכשיר או מזהים אחרים
PSL_DATA_USAGE_RESPONSES:PSL_NAME:PSL_DATA_USAGE_COLLECTION_AND_SHARING,PSL_DATA_USAGE_ONLY_COLLECTED,true,MULTIPLE_CHOICE,"שימוש בנתונים וטיפול בהם (שם) / האם הנתונים האלה נאספים, משותפים או שניהם? / נאספים"
PSL_DATA_USAGE_RESPONSES:PSL_NAME:PSL_DATA_USAGE_COLLECTION_AND_SHARING,PSL_DATA_USAGE_ONLY_SHARED,,MULTIPLE_CHOICE,"שימוש בנתונים וטיפול בהם (שם) / האם הנתונים האלה נאספים, משותפים או שניהם? / משותפים"
PSL_DATA_USAGE_RESPONSES:PSL_NAME:PSL_DATA_USAGE_EPHEMERAL,,false,MAYBE_REQUIRED,שימוש בנתונים וטיפול בהם (שם) / האם הנתונים האלה מעובדים באופן זמני?
PSL_DATA_USAGE_RESPONSES:PSL_NAME:DATA_USAGE_USER_CONTROL,PSL_DATA_USAGE_USER_CONTROL_OPTIONAL,,SINGLE_CHOICE,שימוש בנתונים וטיפול בהם (שם) / האם הנתונים האלה נדרשים באפליקציה שלך או שהמשתמשים יכולים לבחור אם הם יאספו? / המשתמשים יכולים לבחור אם הנתונים האלה ייאספו
PSL_DATA_USAGE_RESPONSES:PSL_NAME:DATA_USAGE_USER_CONTROL,PSL_DATA_USAGE_USER_CONTROL_REQUIRED,true,SINGLE_CHOICE,שימוש בנתונים וטיפול בהם (שם) / האם הנתונים האלה נדרשים באפליקציה שלך או שהמשתמשים יכולים לבחור אם הם יאספו? / איסוף הנתונים נדרש (המשתמשים לא יכולים להשבית את איסוף הנתונים)
PSL_DATA_USAGE_RESPONSES:PSL_NAME:DATA_USAGE_COLLECTION_PURPOSE,PSL_APP_FUNCTIONALITY,true,MULTIPLE_CHOICE,שימוש בנתונים וטיפול בהם (שם) / למה נתוני המשתמשים האלה נאספים? יש לבחור בכל האפשרויות הרלוונטיות. / תכונות האפליקציה
PSL_DATA_USAGE_RESPONSES:PSL_NAME:DATA_USAGE_COLLECTION_PURPOSE,PSL_ANALYTICS,,MULTIPLE_CHOICE,שימוש בנתונים וטיפול בהם (שם) / למה נתוני המשתמשים האלה נאספים? יש לבחור בכל האפשרויות הרלוונטיות. / Analytics
PSL_DATA_USAGE_RESPONSES:PSL_NAME:DATA_USAGE_COLLECTION_PURPOSE,PSL_DEVELOPER_COMMUNICATIONS,,MULTIPLE_CHOICE,שימוש בנתונים וטיפול בהם (שם) / למה נתוני המשתמשים האלה נאספים? יש לבחור בכל האפשרויות הרלוונטיות. / הודעות מהמפתחים
PSL_DATA_USAGE_RESPONSES:PSL_NAME:DATA_USAGE_COLLECTION_PURPOSE,PSL_FRAUD_PREVENTION_SECURITY,,MULTIPLE_CHOICE,"שימוש בנתונים וטיפול בהם (שם) / למה נתוני המשתמשים האלה נאספים? יש לבחור בכל האפשרויות הרלוונטיות. / מניעת הונאות, אבטחה ותאימות"
PSL_DATA_USAGE_RESPONSES:PSL_NAME:DATA_USAGE_COLLECTION_PURPOSE,PSL_ADVERTISING,,MULTIPLE_CHOICE,שימוש בנתונים וטיפול בהם (שם) / למה נתוני המשתמשים האלה נאספים? יש לבחור בכל האפשרויות הרלוונטיות. / פרסום או שיווק
PSL_DATA_USAGE_RESPONSES:PSL_NAME:DATA_USAGE_COLLECTION_PURPOSE,PSL_PERSONALIZATION,,MULTIPLE_CHOICE,שימוש בנתונים וטיפול בהם (שם) / למה נתוני המשתמשים האלה נאספים? יש לבחור בכל האפשרויות הרלוונטיות. / התאמה אישית
PSL_DATA_USAGE_RESPONSES:PSL_NAME:DATA_USAGE_COLLECTION_PURPOSE,PSL_ACCOUNT_MANAGEMENT,true,MULTIPLE_CHOICE,שימוש בנתונים וטיפול בהם (שם) / למה נתוני המשתמשים האלה נאספים? יש לבחור בכל האפשרויות הרלוונטיות. / ניהול החשבון
PSL_DATA_USAGE_RESPONSES:PSL_NAME:DATA_USAGE_SHARING_PURPOSE,PSL_APP_FUNCTIONALITY,,MULTIPLE_CHOICE,שימוש בנתונים וטיפול בהם (שם) / למה נתוני המשתמשים האלה משותפים? יש לבחור בכל האפשרויות הרלוונטיות. / תכונות האפליקציה
PSL_DATA_USAGE_RESPONSES:PSL_NAME:DATA_USAGE_SHARING_PURPOSE,PSL_ANALYTICS,,MULTIPLE_CHOICE,שימוש בנתונים וטיפול בהם (שם) / למה נתוני המשתמשים האלה משותפים? יש לבחור בכל האפשרויות הרלוונטיות. / Analytics
PSL_DATA_USAGE_RESPONSES:PSL_NAME:DATA_USAGE_SHARING_PURPOSE,PSL_DEVELOPER_COMMUNICATIONS,,MULTIPLE_CHOICE,שימוש בנתונים וטיפול בהם (שם) / למה נתוני המשתמשים האלה משותפים? יש לבחור בכל האפשרויות הרלוונטיות. / הודעות מהמפתחים
PSL_DATA_USAGE_RESPONSES:PSL_NAME:DATA_USAGE_SHARING_PURPOSE,PSL_FRAUD_PREVENTION_SECURITY,,MULTIPLE_CHOICE,"שימוש בנתונים וטיפול בהם (שם) / למה נתוני המשתמשים האלה משותפים? יש לבחור בכל האפשרויות הרלוונטיות. / מניעת הונאות, אבטחה ותאימות"
PSL_DATA_USAGE_RESPONSES:PSL_NAME:DATA_USAGE_SHARING_PURPOSE,PSL_ADVERTISING,,MULTIPLE_CHOICE,שימוש בנתונים וטיפול בהם (שם) / למה נתוני המשתמשים האלה משותפים? יש לבחור בכל האפשרויות הרלוונטיות. / פרסום או שיווק
PSL_DATA_USAGE_RESPONSES:PSL_NAME:DATA_USAGE_SHARING_PURPOSE,PSL_PERSONALIZATION,,MULTIPLE_CHOICE,שימוש בנתונים וטיפול בהם (שם) / למה נתוני המשתמשים האלה משותפים? יש לבחור בכל האפשרויות הרלוונטיות. / התאמה אישית
PSL_DATA_USAGE_RESPONSES:PSL_NAME:DATA_USAGE_SHARING_PURPOSE,PSL_ACCOUNT_MANAGEMENT,,MULTIPLE_CHOICE,שימוש בנתונים וטיפול בהם (שם) / למה נתוני המשתמשים האלה משותפים? יש לבחור בכל האפשרויות הרלוונטיות. / ניהול החשבון
PSL_DATA_USAGE_RESPONSES:PSL_EMAIL:PSL_DATA_USAGE_COLLECTION_AND_SHARING,PSL_DATA_USAGE_ONLY_COLLECTED,true,MULTIPLE_CHOICE,"שימוש בנתונים וטיפול בהם (כתובת אימייל) / האם הנתונים האלה נאספים, משותפים או שניהם? / נאספים"
PSL_DATA_USAGE_RESPONSES:PSL_EMAIL:PSL_DATA_USAGE_COLLECTION_AND_SHARING,PSL_DATA_USAGE_ONLY_SHARED,,MULTIPLE_CHOICE,"שימוש בנתונים וטיפול בהם (כתובת אימייל) / האם הנתונים האלה נאספים, משותפים או שניהם? / משותפים"
PSL_DATA_USAGE_RESPONSES:PSL_EMAIL:PSL_DATA_USAGE_EPHEMERAL,,false,MAYBE_REQUIRED,שימוש בנתונים וטיפול בהם (כתובת אימייל) / האם הנתונים האלה מעובדים באופן זמני?
PSL_DATA_USAGE_RESPONSES:PSL_EMAIL:DATA_USAGE_USER_CONTROL,PSL_DATA_USAGE_USER_CONTROL_OPTIONAL,,SINGLE_CHOICE,שימוש בנתונים וטיפול בהם (כתובת אימייל) / האם הנתונים האלה נדרשים באפליקציה שלך או שהמשתמשים יכולים לבחור אם הם יאספו? / המשתמשים יכולים לבחור אם הנתונים האלה ייאספו
PSL_DATA_USAGE_RESPONSES:PSL_EMAIL:DATA_USAGE_USER_CONTROL,PSL_DATA_USAGE_USER_CONTROL_REQUIRED,true,SINGLE_CHOICE,שימוש בנתונים וטיפול בהם (כתובת אימייל) / האם הנתונים האלה נדרשים באפליקציה שלך או שהמשתמשים יכולים לבחור אם הם יאספו? / איסוף הנתונים נדרש (המשתמשים לא יכולים להשבית את איסוף הנתונים)
PSL_DATA_USAGE_RESPONSES:PSL_EMAIL:DATA_USAGE_COLLECTION_PURPOSE,PSL_APP_FUNCTIONALITY,true,MULTIPLE_CHOICE,שימוש בנתונים וטיפול בהם (כתובת אימייל) / למה נתוני המשתמשים האלה נאספים? יש לבחור בכל האפשרויות הרלוונטיות. / תכונות האפליקציה
PSL_DATA_USAGE_RESPONSES:PSL_EMAIL:DATA_USAGE_COLLECTION_PURPOSE,PSL_ANALYTICS,,MULTIPLE_CHOICE,שימוש בנתונים וטיפול בהם (כתובת אימייל) / למה נתוני המשתמשים האלה נאספים? יש לבחור בכל האפשרויות הרלוונטיות. / Analytics
PSL_DATA_USAGE_RESPONSES:PSL_EMAIL:DATA_USAGE_COLLECTION_PURPOSE,PSL_DEVELOPER_COMMUNICATIONS,,MULTIPLE_CHOICE,שימוש בנתונים וטיפול בהם (כתובת אימייל) / למה נתוני המשתמשים האלה נאספים? יש לבחור בכל האפשרויות הרלוונטיות. / הודעות מהמפתחים
PSL_DATA_USAGE_RESPONSES:PSL_EMAIL:DATA_USAGE_COLLECTION_PURPOSE,PSL_FRAUD_PREVENTION_SECURITY,,MULTIPLE_CHOICE,"שימוש בנתונים וטיפול בהם (כתובת אימייל) / למה נתוני המשתמשים האלה נאספים? יש לבחור בכל האפשרויות הרלוונטיות. / מניעת הונאות, אבטחה ותאימות"
PSL_DATA_USAGE_RESPONSES:PSL_EMAIL:DATA_USAGE_COLLECTION_PURPOSE,PSL_ADVERTISING,,MULTIPLE_CHOICE,שימוש בנתונים וטיפול בהם (כתובת אימייל) / למה נתוני המשתמשים האלה נאספים? יש לבחור בכל האפשרויות הרלוונטיות. / פרסום או שיווק
PSL_DATA_USAGE_RESPONSES:PSL_EMAIL:DATA_USAGE_COLLECTION_PURPOSE,PSL_PERSONALIZATION,,MULTIPLE_CHOICE,שימוש בנתונים וטיפול בהם (כתובת אימייל) / למה נתוני המשתמשים האלה נאספים? יש לבחור בכל האפשרויות הרלוונטיות. / התאמה אישית
PSL_DATA_USAGE_RESPONSES:PSL_EMAIL:DATA_USAGE_COLLECTION_PURPOSE,PSL_ACCOUNT_MANAGEMENT,true,MULTIPLE_CHOICE,שימוש בנתונים וטיפול בהם (כתובת אימייל) / למה נתוני המשתמשים האלה נאספים? יש לבחור בכל האפשרויות הרלוונטיות. / ניהול החשבון
PSL_DATA_USAGE_RESPONSES:PSL_EMAIL:DATA_USAGE_SHARING_PURPOSE,PSL_APP_FUNCTIONALITY,,MULTIPLE_CHOICE,שימוש בנתונים וטיפול בהם (כתובת אימייל) / למה נתוני המשתמשים האלה משותפים? יש לבחור בכל האפשרויות הרלוונטיות. / תכונות האפליקציה
PSL_DATA_USAGE_RESPONSES:PSL_EMAIL:DATA_USAGE_SHARING_PURPOSE,PSL_ANALYTICS,,MULTIPLE_CHOICE,שימוש בנתונים וטיפול בהם (כתובת אימייל) / למה נתוני המשתמשים האלה משותפים? יש לבחור בכל האפשרויות הרלוונטיות. / Analytics
PSL_DATA_USAGE_RESPONSES:PSL_EMAIL:DATA_USAGE_SHARING_PURPOSE,PSL_DEVELOPER_COMMUNICATIONS,,MULTIPLE_CHOICE,שימוש בנתונים וטיפול בהם (כתובת אימייל) / למה נתוני המשתמשים האלה משותפים? יש לבחור בכל האפשרויות הרלוונטיות. / הודעות מהמפתחים
PSL_DATA_USAGE_RESPONSES:PSL_EMAIL:DATA_USAGE_SHARING_PURPOSE,PSL_FRAUD_PREVENTION_SECURITY,,MULTIPLE_CHOICE,"שימוש בנתונים וטיפול בהם (כתובת אימייל) / למה נתוני המשתמשים האלה משותפים? יש לבחור בכל האפשרויות הרלוונטיות. / מניעת הונאות, אבטחה ותאימות"
PSL_DATA_USAGE_RESPONSES:PSL_EMAIL:DATA_USAGE_SHARING_PURPOSE,PSL_ADVERTISING,,MULTIPLE_CHOICE,שימוש בנתונים וטיפול בהם (כתובת אימייל) / למה נתוני המשתמשים האלה משותפים? יש לבחור בכל האפשרויות הרלוונטיות. / פרסום או שיווק
PSL_DATA_USAGE_RESPONSES:PSL_EMAIL:DATA_USAGE_SHARING_PURPOSE,PSL_PERSONALIZATION,,MULTIPLE_CHOICE,שימוש בנתונים וטיפול בהם (כתובת אימייל) / למה נתוני המשתמשים האלה משותפים? יש לבחור בכל האפשרויות הרלוונטיות. / התאמה אישית
PSL_DATA_USAGE_RESPONSES:PSL_EMAIL:DATA_USAGE_SHARING_PURPOSE,PSL_ACCOUNT_MANAGEMENT,,MULTIPLE_CHOICE,שימוש בנתונים וטיפול בהם (כתובת אימייל) / למה נתוני המשתמשים האלה משותפים? יש לבחור בכל האפשרויות הרלוונטיות. / ניהול החשבון
PSL_DATA_USAGE_RESPONSES:PSL_USER_ACCOUNT:PSL_DATA_USAGE_COLLECTION_AND_SHARING,PSL_DATA_USAGE_ONLY_COLLECTED,true,MULTIPLE_CHOICE,"שימוש בנתונים וטיפול בהם (מזהי משתמש) / האם הנתונים האלה נאספים, משותפים או שניהם? / נאספים"
PSL_DATA_USAGE_RESPONSES:PSL_USER_ACCOUNT:PSL_DATA_USAGE_COLLECTION_AND_SHARING,PSL_DATA_USAGE_ONLY_SHARED,,MULTIPLE_CHOICE,"שימוש בנתונים וטיפול בהם (מזהי משתמש) / האם הנתונים האלה נאספים, משותפים או שניהם? / משותפים"
PSL_DATA_USAGE_RESPONSES:PSL_USER_ACCOUNT:PSL_DATA_USAGE_EPHEMERAL,,false,MAYBE_REQUIRED,שימוש בנתונים וטיפול בהם (מזהי משתמש) / האם הנתונים האלה מעובדים באופן זמני?
PSL_DATA_USAGE_RESPONSES:PSL_USER_ACCOUNT:DATA_USAGE_USER_CONTROL,PSL_DATA_USAGE_USER_CONTROL_OPTIONAL,,SINGLE_CHOICE,שימוש בנתונים וטיפול בהם (מזהי משתמש) / האם הנתונים האלה נדרשים באפליקציה שלך או שהמשתמשים יכולים לבחור אם הם יאספו? / המשתמשים יכולים לבחור אם הנתונים האלה ייאספו
PSL_DATA_USAGE_RESPONSES:PSL_USER_ACCOUNT:DATA_USAGE_USER_CONTROL,PSL_DATA_USAGE_USER_CONTROL_REQUIRED,true,SINGLE_CHOICE,שימוש בנתונים וטיפול בהם (מזהי משתמש) / האם הנתונים האלה נדרשים באפליקציה שלך או שהמשתמשים יכולים לבחור אם הם יאספו? / איסוף הנתונים נדרש (המשתמשים לא יכולים להשבית את איסוף הנתונים)
PSL_DATA_USAGE_RESPONSES:PSL_USER_ACCOUNT:DATA_USAGE_COLLECTION_PURPOSE,PSL_APP_FUNCTIONALITY,true,MULTIPLE_CHOICE,שימוש בנתונים וטיפול בהם (מזהי משתמש) / למה נתוני המשתמשים האלה נאספים? יש לבחור בכל האפשרויות הרלוונטיות. / תכונות האפליקציה
PSL_DATA_USAGE_RESPONSES:PSL_USER_ACCOUNT:DATA_USAGE_COLLECTION_PURPOSE,PSL_ANALYTICS,,MULTIPLE_CHOICE,שימוש בנתונים וטיפול בהם (מזהי משתמש) / למה נתוני המשתמשים האלה נאספים? יש לבחור בכל האפשרויות הרלוונטיות. / Analytics
PSL_DATA_USAGE_RESPONSES:PSL_USER_ACCOUNT:DATA_USAGE_COLLECTION_PURPOSE,PSL_DEVELOPER_COMMUNICATIONS,,MULTIPLE_CHOICE,שימוש בנתונים וטיפול בהם (מזהי משתמש) / למה נתוני המשתמשים האלה נאספים? יש לבחור בכל האפשרויות הרלוונטיות. / הודעות מהמפתחים
PSL_DATA_USAGE_RESPONSES:PSL_USER_ACCOUNT:DATA_USAGE_COLLECTION_PURPOSE,PSL_FRAUD_PREVENTION_SECURITY,true,MULTIPLE_CHOICE,"שימוש בנתונים וטיפול בהם (מזהי משתמש) / למה נתוני המשתמשים האלה נאספים? יש לבחור בכל האפשרויות הרלוונטיות. / מניעת הונאות, אבטחה ותאימות"
PSL_DATA_USAGE_RESPONSES:PSL_USER_ACCOUNT:DATA_USAGE_COLLECTION_PURPOSE,PSL_ADVERTISING,,MULTIPLE_CHOICE,שימוש בנתונים וטיפול בהם (מזהי משתמש) / למה נתוני המשתמשים האלה נאספים? יש לבחור בכל האפשרויות הרלוונטיות. / פרסום או שיווק
PSL_DATA_USAGE_RESPONSES:PSL_USER_ACCOUNT:DATA_USAGE_COLLECTION_PURPOSE,PSL_PERSONALIZATION,,MULTIPLE_CHOICE,שימוש בנתונים וטיפול בהם (מזהי משתמש) / למה נתוני המשתמשים האלה נאספים? יש לבחור בכל האפשרויות הרלוונטיות. / התאמה אישית
PSL_DATA_USAGE_RESPONSES:PSL_USER_ACCOUNT:DATA_USAGE_COLLECTION_PURPOSE,PSL_ACCOUNT_MANAGEMENT,true,MULTIPLE_CHOICE,שימוש בנתונים וטיפול בהם (מזהי משתמש) / למה נתוני המשתמשים האלה נאספים? יש לבחור בכל האפשרויות הרלוונטיות. / ניהול החשבון
PSL_DATA_USAGE_RESPONSES:PSL_USER_ACCOUNT:DATA_USAGE_SHARING_PURPOSE,PSL_APP_FUNCTIONALITY,,MULTIPLE_CHOICE,שימוש בנתונים וטיפול בהם (מזהי משתמש) / למה נתוני המשתמשים האלה משותפים? יש לבחור בכל האפשרויות הרלוונטיות. / תכונות האפליקציה
PSL_DATA_USAGE_RESPONSES:PSL_USER_ACCOUNT:DATA_USAGE_SHARING_PURPOSE,PSL_ANALYTICS,,MULTIPLE_CHOICE,שימוש בנתונים וטיפול בהם (מזהי משתמש) / למה נתוני המשתמשים האלה משותפים? יש לבחור בכל האפשרויות הרלוונטיות. / Analytics
PSL_DATA_USAGE_RESPONSES:PSL_USER_ACCOUNT:DATA_USAGE_SHARING_PURPOSE,PSL_DEVELOPER_COMMUNICATIONS,,MULTIPLE_CHOICE,שימוש בנתונים וטיפול בהם (מזהי משתמש) / למה נתוני המשתמשים האלה משותפים? יש לבחור בכל האפשרויות הרלוונטיות. / הודעות מהמפתחים
PSL_DATA_USAGE_RESPONSES:PSL_USER_ACCOUNT:DATA_USAGE_SHARING_PURPOSE,PSL_FRAUD_PREVENTION_SECURITY,,MULTIPLE_CHOICE,"שימוש בנתונים וטיפול בהם (מזהי משתמש) / למה נתוני המשתמשים האלה משותפים? יש לבחור בכל האפשרויות הרלוונטיות. / מניעת הונאות, אבטחה ותאימות"
PSL_DATA_USAGE_RESPONSES:PSL_USER_ACCOUNT:DATA_USAGE_SHARING_PURPOSE,PSL_ADVERTISING,,MULTIPLE_CHOICE,שימוש בנתונים וטיפול בהם (מזהי משתמש) / למה נתוני המשתמשים האלה משותפים? יש לבחור בכל האפשרויות הרלוונטיות. / פרסום או שיווק
PSL_DATA_USAGE_RESPONSES:PSL_USER_ACCOUNT:DATA_USAGE_SHARING_PURPOSE,PSL_PERSONALIZATION,,MULTIPLE_CHOICE,שימוש בנתונים וטיפול בהם (מזהי משתמש) / למה נתוני המשתמשים האלה משותפים? יש לבחור בכל האפשרויות הרלוונטיות. / התאמה אישית
PSL_DATA_USAGE_RESPONSES:PSL_USER_ACCOUNT:DATA_USAGE_SHARING_PURPOSE,PSL_ACCOUNT_MANAGEMENT,,MULTIPLE_CHOICE,שימוש בנתונים וטיפול בהם (מזהי משתמש) / למה נתוני המשתמשים האלה משותפים? יש לבחור בכל האפשרויות הרלוונטיות. / ניהול החשבון
PSL_DATA_USAGE_RESPONSES:PSL_ADDRESS:PSL_DATA_USAGE_COLLECTION_AND_SHARING,PSL_DATA_USAGE_ONLY_COLLECTED,true,MULTIPLE_CHOICE,"שימוש בנתונים וטיפול בהם (כתובת) / האם הנתונים האלה נאספים, משותפים או שניהם? / נאספים"
PSL_DATA_USAGE_RESPONSES:PSL_ADDRESS:PSL_DATA_USAGE_COLLECTION_AND_SHARING,PSL_DATA_USAGE_ONLY_SHARED,,MULTIPLE_CHOICE,"שימוש בנתונים וטיפול בהם (כתובת) / האם הנתונים האלה נאספים, משותפים או שניהם? / משותפים"
PSL_DATA_USAGE_RESPONSES:PSL_ADDRESS:PSL_DATA_USAGE_EPHEMERAL,,false,MAYBE_REQUIRED,שימוש בנתונים וטיפול בהם (כתובת) / האם הנתונים האלה מעובדים באופן זמני?
PSL_DATA_USAGE_RESPONSES:PSL_ADDRESS:DATA_USAGE_USER_CONTROL,PSL_DATA_USAGE_USER_CONTROL_OPTIONAL,true,SINGLE_CHOICE,שימוש בנתונים וטיפול בהם (כתובת) / האם הנתונים האלה נדרשים באפליקציה שלך או שהמשתמשים יכולים לבחור אם הם יאספו? / המשתמשים יכולים לבחור אם הנתונים האלה ייאספו
PSL_DATA_USAGE_RESPONSES:PSL_ADDRESS:DATA_USAGE_USER_CONTROL,PSL_DATA_USAGE_USER_CONTROL_REQUIRED,,SINGLE_CHOICE,שימוש בנתונים וטיפול בהם (כתובת) / האם הנתונים האלה נדרשים באפליקציה שלך או שהמשתמשים יכולים לבחור אם הם יאספו? / איסוף הנתונים נדרש (המשתמשים לא יכולים להשבית את איסוף הנתונים)
PSL_DATA_USAGE_RESPONSES:PSL_ADDRESS:DATA_USAGE_COLLECTION_PURPOSE,PSL_APP_FUNCTIONALITY,true,MULTIPLE_CHOICE,שימוש בנתונים וטיפול בהם (כתובת) / למה נתוני המשתמשים האלה נאספים? יש לבחור בכל האפשרויות הרלוונטיות. / תכונות האפליקציה
PSL_DATA_USAGE_RESPONSES:PSL_ADDRESS:DATA_USAGE_COLLECTION_PURPOSE,PSL_ANALYTICS,,MULTIPLE_CHOICE,שימוש בנתונים וטיפול בהם (כתובת) / למה נתוני המשתמשים האלה נאספים? יש לבחור בכל האפשרויות הרלוונטיות. / Analytics
PSL_DATA_USAGE_RESPONSES:PSL_ADDRESS:DATA_USAGE_COLLECTION_PURPOSE,PSL_DEVELOPER_COMMUNICATIONS,,MULTIPLE_CHOICE,שימוש בנתונים וטיפול בהם (כתובת) / למה נתוני המשתמשים האלה נאספים? יש לבחור בכל האפשרויות הרלוונטיות. / הודעות מהמפתחים
PSL_DATA_USAGE_RESPONSES:PSL_ADDRESS:DATA_USAGE_COLLECTION_PURPOSE,PSL_FRAUD_PREVENTION_SECURITY,,MULTIPLE_CHOICE,"שימוש בנתונים וטיפול בהם (כתובת) / למה נתוני המשתמשים האלה נאספים? יש לבחור בכל האפשרויות הרלוונטיות. / מניעת הונאות, אבטחה ותאימות"
PSL_DATA_USAGE_RESPONSES:PSL_ADDRESS:DATA_USAGE_COLLECTION_PURPOSE,PSL_ADVERTISING,,MULTIPLE_CHOICE,שימוש בנתונים וטיפול בהם (כתובת) / למה נתוני המשתמשים האלה נאספים? יש לבחור בכל האפשרויות הרלוונטיות. / פרסום או שיווק
PSL_DATA_USAGE_RESPONSES:PSL_ADDRESS:DATA_USAGE_COLLECTION_PURPOSE,PSL_PERSONALIZATION,true,MULTIPLE_CHOICE,שימוש בנתונים וטיפול בהם (כתובת) / למה נתוני המשתמשים האלה נאספים? יש לבחור בכל האפשרויות הרלוונטיות. / התאמה אישית
PSL_DATA_USAGE_RESPONSES:PSL_ADDRESS:DATA_USAGE_COLLECTION_PURPOSE,PSL_ACCOUNT_MANAGEMENT,,MULTIPLE_CHOICE,שימוש בנתונים וטיפול בהם (כתובת) / למה נתוני המשתמשים האלה נאספים? יש לבחור בכל האפשרויות הרלוונטיות. / ניהול החשבון
PSL_DATA_USAGE_RESPONSES:PSL_ADDRESS:DATA_USAGE_SHARING_PURPOSE,PSL_APP_FUNCTIONALITY,,MULTIPLE_CHOICE,שימוש בנתונים וטיפול בהם (כתובת) / למה נתוני המשתמשים האלה משותפים? יש לבחור בכל האפשרויות הרלוונטיות. / תכונות האפליקציה
PSL_DATA_USAGE_RESPONSES:PSL_ADDRESS:DATA_USAGE_SHARING_PURPOSE,PSL_ANALYTICS,,MULTIPLE_CHOICE,שימוש בנתונים וטיפול בהם (כתובת) / למה נתוני המשתמשים האלה משותפים? יש לבחור בכל האפשרויות הרלוונטיות. / Analytics
PSL_DATA_USAGE_RESPONSES:PSL_ADDRESS:DATA_USAGE_SHARING_PURPOSE,PSL_DEVELOPER_COMMUNICATIONS,,MULTIPLE_CHOICE,שימוש בנתונים וטיפול בהם (כתובת) / למה נתוני המשתמשים האלה משותפים? יש לבחור בכל האפשרויות הרלוונטיות. / הודעות מהמפתחים
PSL_DATA_USAGE_RESPONSES:PSL_ADDRESS:DATA_USAGE_SHARING_PURPOSE,PSL_FRAUD_PREVENTION_SECURITY,,MULTIPLE_CHOICE,"שימוש בנתונים וטיפול בהם (כתובת) / למה נתוני המשתמשים האלה משותפים? יש לבחור בכל האפשרויות הרלוונטיות. / מניעת הונאות, אבטחה ותאימות"
PSL_DATA_USAGE_RESPONSES:PSL_ADDRESS:DATA_USAGE_SHARING_PURPOSE,PSL_ADVERTISING,,MULTIPLE_CHOICE,שימוש בנתונים וטיפול בהם (כתובת) / למה נתוני המשתמשים האלה משותפים? יש לבחור בכל האפשרויות הרלוונטיות. / פרסום או שיווק
PSL_DATA_USAGE_RESPONSES:PSL_ADDRESS:DATA_USAGE_SHARING_PURPOSE,PSL_PERSONALIZATION,,MULTIPLE_CHOICE,שימוש בנתונים וטיפול בהם (כתובת) / למה נתוני המשתמשים האלה משותפים? יש לבחור בכל האפשרויות הרלוונטיות. / התאמה אישית
PSL_DATA_USAGE_RESPONSES:PSL_ADDRESS:DATA_USAGE_SHARING_PURPOSE,PSL_ACCOUNT_MANAGEMENT,,MULTIPLE_CHOICE,שימוש בנתונים וטיפול בהם (כתובת) / למה נתוני המשתמשים האלה משותפים? יש לבחור בכל האפשרויות הרלוונטיות. / ניהול החשבון
PSL_DATA_USAGE_RESPONSES:PSL_PHONE:PSL_DATA_USAGE_COLLECTION_AND_SHARING,PSL_DATA_USAGE_ONLY_COLLECTED,true,MULTIPLE_CHOICE,"שימוש בנתונים וטיפול בהם (מספר טלפון) / האם הנתונים האלה נאספים, משותפים או שניהם? / נאספים"
PSL_DATA_USAGE_RESPONSES:PSL_PHONE:PSL_DATA_USAGE_COLLECTION_AND_SHARING,PSL_DATA_USAGE_ONLY_SHARED,,MULTIPLE_CHOICE,"שימוש בנתונים וטיפול בהם (מספר טלפון) / האם הנתונים האלה נאספים, משותפים או שניהם? / משותפים"
PSL_DATA_USAGE_RESPONSES:PSL_PHONE:PSL_DATA_USAGE_EPHEMERAL,,false,MAYBE_REQUIRED,שימוש בנתונים וטיפול בהם (מספר טלפון) / האם הנתונים האלה מעובדים באופן זמני?
PSL_DATA_USAGE_RESPONSES:PSL_PHONE:DATA_USAGE_USER_CONTROL,PSL_DATA_USAGE_USER_CONTROL_OPTIONAL,,SINGLE_CHOICE,שימוש בנתונים וטיפול בהם (מספר טלפון) / האם הנתונים האלה נדרשים באפליקציה שלך או שהמשתמשים יכולים לבחור אם הם יאספו? / המשתמשים יכולים לבחור אם הנתונים האלה ייאספו
PSL_DATA_USAGE_RESPONSES:PSL_PHONE:DATA_USAGE_USER_CONTROL,PSL_DATA_USAGE_USER_CONTROL_REQUIRED,true,SINGLE_CHOICE,שימוש בנתונים וטיפול בהם (מספר טלפון) / האם הנתונים האלה נדרשים באפליקציה שלך או שהמשתמשים יכולים לבחור אם הם יאספו? / איסוף הנתונים נדרש (המשתמשים לא יכולים להשבית את איסוף הנתונים)
PSL_DATA_USAGE_RESPONSES:PSL_PHONE:DATA_USAGE_COLLECTION_PURPOSE,PSL_APP_FUNCTIONALITY,true,MULTIPLE_CHOICE,שימוש בנתונים וטיפול בהם (מספר טלפון) / למה נתוני המשתמשים האלה נאספים? יש לבחור בכל האפשרויות הרלוונטיות. / תכונות האפליקציה
PSL_DATA_USAGE_RESPONSES:PSL_PHONE:DATA_USAGE_COLLECTION_PURPOSE,PSL_ANALYTICS,,MULTIPLE_CHOICE,שימוש בנתונים וטיפול בהם (מספר טלפון) / למה נתוני המשתמשים האלה נאספים? יש לבחור בכל האפשרויות הרלוונטיות. / Analytics
PSL_DATA_USAGE_RESPONSES:PSL_PHONE:DATA_USAGE_COLLECTION_PURPOSE,PSL_DEVELOPER_COMMUNICATIONS,,MULTIPLE_CHOICE,שימוש בנתונים וטיפול בהם (מספר טלפון) / למה נתוני המשתמשים האלה נאספים? יש לבחור בכל האפשרויות הרלוונטיות. / הודעות מהמפתחים
PSL_DATA_USAGE_RESPONSES:PSL_PHONE:DATA_USAGE_COLLECTION_PURPOSE,PSL_FRAUD_PREVENTION_SECURITY,true,MULTIPLE_CHOICE,"שימוש בנתונים וטיפול בהם (מספר טלפון) / למה נתוני המשתמשים האלה נאספים? יש לבחור בכל האפשרויות הרלוונטיות. / מניעת הונאות, אבטחה ותאימות"
PSL_DATA_USAGE_RESPONSES:PSL_PHONE:DATA_USAGE_COLLECTION_PURPOSE,PSL_ADVERTISING,,MULTIPLE_CHOICE,שימוש בנתונים וטיפול בהם (מספר טלפון) / למה נתוני המשתמשים האלה נאספים? יש לבחור בכל האפשרויות הרלוונטיות. / פרסום או שיווק
PSL_DATA_USAGE_RESPONSES:PSL_PHONE:DATA_USAGE_COLLECTION_PURPOSE,PSL_PERSONALIZATION,,MULTIPLE_CHOICE,שימוש בנתונים וטיפול בהם (מספר טלפון) / למה נתוני המשתמשים האלה נאספים? יש לבחור בכל האפשרויות הרלוונטיות. / התאמה אישית
PSL_DATA_USAGE_RESPONSES:PSL_PHONE:DATA_USAGE_COLLECTION_PURPOSE,PSL_ACCOUNT_MANAGEMENT,true,MULTIPLE_CHOICE,שימוש בנתונים וטיפול בהם (מספר טלפון) / למה נתוני המשתמשים האלה נאספים? יש לבחור בכל האפשרויות הרלוונטיות. / ניהול החשבון
PSL_DATA_USAGE_RESPONSES:PSL_PHONE:DATA_USAGE_SHARING_PURPOSE,PSL_APP_FUNCTIONALITY,,MULTIPLE_CHOICE,שימוש בנתונים וטיפול בהם (מספר טלפון) / למה נתוני המשתמשים האלה משותפים? יש לבחור בכל האפשרויות הרלוונטיות. / תכונות האפליקציה
PSL_DATA_USAGE_RESPONSES:PSL_PHONE:DATA_USAGE_SHARING_PURPOSE,PSL_ANALYTICS,,MULTIPLE_CHOICE,שימוש בנתונים וטיפול בהם (מספר טלפון) / למה נתוני המשתמשים האלה משותפים? יש לבחור בכל האפשרויות הרלוונטיות. / Analytics
PSL_DATA_USAGE_RESPONSES:PSL_PHONE:DATA_USAGE_SHARING_PURPOSE,PSL_DEVELOPER_COMMUNICATIONS,,MULTIPLE_CHOICE,שימוש בנתונים וטיפול בהם (מספר טלפון) / למה נתוני המשתמשים האלה משותפים? יש לבחור בכל האפשרויות הרלוונטיות. / הודעות מהמפתחים
PSL_DATA_USAGE_RESPONSES:PSL_PHONE:DATA_USAGE_SHARING_PURPOSE,PSL_FRAUD_PREVENTION_SECURITY,,MULTIPLE_CHOICE,"שימוש בנתונים וטיפול בהם (מספר טלפון) / למה נתוני המשתמשים האלה משותפים? יש לבחור בכל האפשרויות הרלוונטיות. / מניעת הונאות, אבטחה ותאימות"
PSL_DATA_USAGE_RESPONSES:PSL_PHONE:DATA_USAGE_SHARING_PURPOSE,PSL_ADVERTISING,,MULTIPLE_CHOICE,שימוש בנתונים וטיפול בהם (מספר טלפון) / למה נתוני המשתמשים האלה משותפים? יש לבחור בכל האפשרויות הרלוונטיות. / פרסום או שיווק
PSL_DATA_USAGE_RESPONSES:PSL_PHONE:DATA_USAGE_SHARING_PURPOSE,PSL_PERSONALIZATION,,MULTIPLE_CHOICE,שימוש בנתונים וטיפול בהם (מספר טלפון) / למה נתוני המשתמשים האלה משותפים? יש לבחור בכל האפשרויות הרלוונטיות. / התאמה אישית
PSL_DATA_USAGE_RESPONSES:PSL_PHONE:DATA_USAGE_SHARING_PURPOSE,PSL_ACCOUNT_MANAGEMENT,,MULTIPLE_CHOICE,שימוש בנתונים וטיפול בהם (מספר טלפון) / למה נתוני המשתמשים האלה משותפים? יש לבחור בכל האפשרויות הרלוונטיות. / ניהול החשבון
PSL_DATA_USAGE_RESPONSES:PSL_RACE_ETHNICITY:PSL_DATA_USAGE_COLLECTION_AND_SHARING,PSL_DATA_USAGE_ONLY_COLLECTED,,MULTIPLE_CHOICE,"שימוש בנתונים וטיפול בהם (קבוצה אתנית) / האם הנתונים האלה נאספים, משותפים או שניהם? / נאספים"
PSL_DATA_USAGE_RESPONSES:PSL_RACE_ETHNICITY:PSL_DATA_USAGE_COLLECTION_AND_SHARING,PSL_DATA_USAGE_ONLY_SHARED,,MULTIPLE_CHOICE,"שימוש בנתונים וטיפול בהם (קבוצה אתנית) / האם הנתונים האלה נאספים, משותפים או שניהם? / משותפים"
PSL_DATA_USAGE_RESPONSES:PSL_RACE_ETHNICITY:PSL_DATA_USAGE_EPHEMERAL,,,MAYBE_REQUIRED,שימוש בנתונים וטיפול בהם (קבוצה אתנית) / האם הנתונים האלה מעובדים באופן זמני?
PSL_DATA_USAGE_RESPONSES:PSL_RACE_ETHNICITY:DATA_USAGE_USER_CONTROL,PSL_DATA_USAGE_USER_CONTROL_OPTIONAL,,SINGLE_CHOICE,שימוש בנתונים וטיפול בהם (קבוצה אתנית) / האם הנתונים האלה נדרשים באפליקציה שלך או שהמשתמשים יכולים לבחור אם הם יאספו? / המשתמשים יכולים לבחור אם הנתונים האלה ייאספו
PSL_DATA_USAGE_RESPONSES:PSL_RACE_ETHNICITY:DATA_USAGE_USER_CONTROL,PSL_DATA_USAGE_USER_CONTROL_REQUIRED,,SINGLE_CHOICE,שימוש בנתונים וטיפול בהם (קבוצה אתנית) / האם הנתונים האלה נדרשים באפליקציה שלך או שהמשתמשים יכולים לבחור אם הם יאספו? / איסוף הנתונים נדרש (המשתמשים לא יכולים להשבית את איסוף הנתונים)
PSL_DATA_USAGE_RESPONSES:PSL_RACE_ETHNICITY:DATA_USAGE_COLLECTION_PURPOSE,PSL_APP_FUNCTIONALITY,,MULTIPLE_CHOICE,שימוש בנתונים וטיפול בהם (קבוצה אתנית) / למה נתוני המשתמשים האלה נאספים? יש לבחור בכל האפשרויות הרלוונטיות. / תכונות האפליקציה
PSL_DATA_USAGE_RESPONSES:PSL_RACE_ETHNICITY:DATA_USAGE_COLLECTION_PURPOSE,PSL_ANALYTICS,,MULTIPLE_CHOICE,שימוש בנתונים וטיפול בהם (קבוצה אתנית) / למה נתוני המשתמשים האלה נאספים? יש לבחור בכל האפשרויות הרלוונטיות. / Analytics
PSL_DATA_USAGE_RESPONSES:PSL_RACE_ETHNICITY:DATA_USAGE_COLLECTION_PURPOSE,PSL_DEVELOPER_COMMUNICATIONS,,MULTIPLE_CHOICE,שימוש בנתונים וטיפול בהם (קבוצה אתנית) / למה נתוני המשתמשים האלה נאספים? יש לבחור בכל האפשרויות הרלוונטיות. / הודעות מהמפתחים
PSL_DATA_USAGE_RESPONSES:PSL_RACE_ETHNICITY:DATA_USAGE_COLLECTION_PURPOSE,PSL_FRAUD_PREVENTION_SECURITY,,MULTIPLE_CHOICE,"שימוש בנתונים וטיפול בהם (קבוצה אתנית) / למה נתוני המשתמשים האלה נאספים? יש לבחור בכל האפשרויות הרלוונטיות. / מניעת הונאות, אבטחה ותאימות"
PSL_DATA_USAGE_RESPONSES:PSL_RACE_ETHNICITY:DATA_USAGE_COLLECTION_PURPOSE,PSL_ADVERTISING,,MULTIPLE_CHOICE,שימוש בנתונים וטיפול בהם (קבוצה אתנית) / למה נתוני המשתמשים האלה נאספים? יש לבחור בכל האפשרויות הרלוונטיות. / פרסום או שיווק
PSL_DATA_USAGE_RESPONSES:PSL_RACE_ETHNICITY:DATA_USAGE_COLLECTION_PURPOSE,PSL_PERSONALIZATION,,MULTIPLE_CHOICE,שימוש בנתונים וטיפול בהם (קבוצה אתנית) / למה נתוני המשתמשים האלה נאספים? יש לבחור בכל האפשרויות הרלוונטיות. / התאמה אישית
PSL_DATA_USAGE_RESPONSES:PSL_RACE_ETHNICITY:DATA_USAGE_COLLECTION_PURPOSE,PSL_ACCOUNT_MANAGEMENT,,MULTIPLE_CHOICE,שימוש בנתונים וטיפול בהם (קבוצה אתנית) / למה נתוני המשתמשים האלה נאספים? יש לבחור בכל האפשרויות הרלוונטיות. / ניהול החשבון
PSL_DATA_USAGE_RESPONSES:PSL_RACE_ETHNICITY:DATA_USAGE_SHARING_PURPOSE,PSL_APP_FUNCTIONALITY,,MULTIPLE_CHOICE,שימוש בנתונים וטיפול בהם (קבוצה אתנית) / למה נתוני המשתמשים האלה משותפים? יש לבחור בכל האפשרויות הרלוונטיות. / תכונות האפליקציה
PSL_DATA_USAGE_RESPONSES:PSL_RACE_ETHNICITY:DATA_USAGE_SHARING_PURPOSE,PSL_ANALYTICS,,MULTIPLE_CHOICE,שימוש בנתונים וטיפול בהם (קבוצה אתנית) / למה נתוני המשתמשים האלה משותפים? יש לבחור בכל האפשרויות הרלוונטיות. / Analytics
PSL_DATA_USAGE_RESPONSES:PSL_RACE_ETHNICITY:DATA_USAGE_SHARING_PURPOSE,PSL_DEVELOPER_COMMUNICATIONS,,MULTIPLE_CHOICE,שימוש בנתונים וטיפול בהם (קבוצה אתנית) / למה נתוני המשתמשים האלה משותפים? יש לבחור בכל האפשרויות הרלוונטיות. / הודעות מהמפתחים
PSL_DATA_USAGE_RESPONSES:PSL_RACE_ETHNICITY:DATA_USAGE_SHARING_PURPOSE,PSL_FRAUD_PREVENTION_SECURITY,,MULTIPLE_CHOICE,"שימוש בנתונים וטיפול בהם (קבוצה אתנית) / למה נתוני המשתמשים האלה משותפים? יש לבחור בכל האפשרויות הרלוונטיות. / מניעת הונאות, אבטחה ותאימות"
PSL_DATA_USAGE_RESPONSES:PSL_RACE_ETHNICITY:DATA_USAGE_SHARING_PURPOSE,PSL_ADVERTISING,,MULTIPLE_CHOICE,שימוש בנתונים וטיפול בהם (קבוצה אתנית) / למה נתוני המשתמשים האלה משותפים? יש לבחור בכל האפשרויות הרלוונטיות. / פרסום או שיווק
PSL_DATA_USAGE_RESPONSES:PSL_RACE_ETHNICITY:DATA_USAGE_SHARING_PURPOSE,PSL_PERSONALIZATION,,MULTIPLE_CHOICE,שימוש בנתונים וטיפול בהם (קבוצה אתנית) / למה נתוני המשתמשים האלה משותפים? יש לבחור בכל האפשרויות הרלוונטיות. / התאמה אישית
PSL_DATA_USAGE_RESPONSES:PSL_RACE_ETHNICITY:DATA_USAGE_SHARING_PURPOSE,PSL_ACCOUNT_MANAGEMENT,,MULTIPLE_CHOICE,שימוש בנתונים וטיפול בהם (קבוצה אתנית) / למה נתוני המשתמשים האלה משותפים? יש לבחור בכל האפשרויות הרלוונטיות. / ניהול החשבון
PSL_DATA_USAGE_RESPONSES:PSL_POLITICAL_RELIGIOUS:PSL_DATA_USAGE_COLLECTION_AND_SHARING,PSL_DATA_USAGE_ONLY_COLLECTED,,MULTIPLE_CHOICE,"שימוש בנתונים וטיפול בהם (תפישות פוליטיות או אמונות דתיות) / האם הנתונים האלה נאספים, משותפים או שניהם? / נאספים"
PSL_DATA_USAGE_RESPONSES:PSL_POLITICAL_RELIGIOUS:PSL_DATA_USAGE_COLLECTION_AND_SHARING,PSL_DATA_USAGE_ONLY_SHARED,,MULTIPLE_CHOICE,"שימוש בנתונים וטיפול בהם (תפישות פוליטיות או אמונות דתיות) / האם הנתונים האלה נאספים, משותפים או שניהם? / משותפים"
PSL_DATA_USAGE_RESPONSES:PSL_POLITICAL_RELIGIOUS:PSL_DATA_USAGE_EPHEMERAL,,,MAYBE_REQUIRED,שימוש בנתונים וטיפול בהם (תפישות פוליטיות או אמונות דתיות) / האם הנתונים האלה מעובדים באופן זמני?
PSL_DATA_USAGE_RESPONSES:PSL_POLITICAL_RELIGIOUS:DATA_USAGE_USER_CONTROL,PSL_DATA_USAGE_USER_CONTROL_OPTIONAL,,SINGLE_CHOICE,שימוש בנתונים וטיפול בהם (תפישות פוליטיות או אמונות דתיות) / האם הנתונים האלה נדרשים באפליקציה שלך או שהמשתמשים יכולים לבחור אם הם יאספו? / המשתמשים יכולים לבחור אם הנתונים האלה ייאספו
PSL_DATA_USAGE_RESPONSES:PSL_POLITICAL_RELIGIOUS:DATA_USAGE_USER_CONTROL,PSL_DATA_USAGE_USER_CONTROL_REQUIRED,,SINGLE_CHOICE,שימוש בנתונים וטיפול בהם (תפישות פוליטיות או אמונות דתיות) / האם הנתונים האלה נדרשים באפליקציה שלך או שהמשתמשים יכולים לבחור אם הם יאספו? / איסוף הנתונים נדרש (המשתמשים לא יכולים להשבית את איסוף הנתונים)
PSL_DATA_USAGE_RESPONSES:PSL_POLITICAL_RELIGIOUS:DATA_USAGE_COLLECTION_PURPOSE,PSL_APP_FUNCTIONALITY,,MULTIPLE_CHOICE,שימוש בנתונים וטיפול בהם (תפישות פוליטיות או אמונות דתיות) / למה נתוני המשתמשים האלה נאספים? יש לבחור בכל האפשרויות הרלוונטיות. / תכונות האפליקציה
PSL_DATA_USAGE_RESPONSES:PSL_POLITICAL_RELIGIOUS:DATA_USAGE_COLLECTION_PURPOSE,PSL_ANALYTICS,,MULTIPLE_CHOICE,שימוש בנתונים וטיפול בהם (תפישות פוליטיות או אמונות דתיות) / למה נתוני המשתמשים האלה נאספים? יש לבחור בכל האפשרויות הרלוונטיות. / Analytics
PSL_DATA_USAGE_RESPONSES:PSL_POLITICAL_RELIGIOUS:DATA_USAGE_COLLECTION_PURPOSE,PSL_DEVELOPER_COMMUNICATIONS,,MULTIPLE_CHOICE,שימוש בנתונים וטיפול בהם (תפישות פוליטיות או אמונות דתיות) / למה נתוני המשתמשים האלה נאספים? יש לבחור בכל האפשרויות הרלוונטיות. / הודעות מהמפתחים
PSL_DATA_USAGE_RESPONSES:PSL_POLITICAL_RELIGIOUS:DATA_USAGE_COLLECTION_PURPOSE,PSL_FRAUD_PREVENTION_SECURITY,,MULTIPLE_CHOICE,"שימוש בנתונים וטיפול בהם (תפישות פוליטיות או אמונות דתיות) / למה נתוני המשתמשים האלה נאספים? יש לבחור בכל האפשרויות הרלוונטיות. / מניעת הונאות, אבטחה ותאימות"
PSL_DATA_USAGE_RESPONSES:PSL_POLITICAL_RELIGIOUS:DATA_USAGE_COLLECTION_PURPOSE,PSL_ADVERTISING,,MULTIPLE_CHOICE,שימוש בנתונים וטיפול בהם (תפישות פוליטיות או אמונות דתיות) / למה נתוני המשתמשים האלה נאספים? יש לבחור בכל האפשרויות הרלוונטיות. / פרסום או שיווק
PSL_DATA_USAGE_RESPONSES:PSL_POLITICAL_RELIGIOUS:DATA_USAGE_COLLECTION_PURPOSE,PSL_PERSONALIZATION,,MULTIPLE_CHOICE,שימוש בנתונים וטיפול בהם (תפישות פוליטיות או אמונות דתיות) / למה נתוני המשתמשים האלה נאספים? יש לבחור בכל האפשרויות הרלוונטיות. / התאמה אישית
PSL_DATA_USAGE_RESPONSES:PSL_POLITICAL_RELIGIOUS:DATA_USAGE_COLLECTION_PURPOSE,PSL_ACCOUNT_MANAGEMENT,,MULTIPLE_CHOICE,שימוש בנתונים וטיפול בהם (תפישות פוליטיות או אמונות דתיות) / למה נתוני המשתמשים האלה נאספים? יש לבחור בכל האפשרויות הרלוונטיות. / ניהול החשבון
PSL_DATA_USAGE_RESPONSES:PSL_POLITICAL_RELIGIOUS:DATA_USAGE_SHARING_PURPOSE,PSL_APP_FUNCTIONALITY,,MULTIPLE_CHOICE,שימוש בנתונים וטיפול בהם (תפישות פוליטיות או אמונות דתיות) / למה נתוני המשתמשים האלה משותפים? יש לבחור בכל האפשרויות הרלוונטיות. / תכונות האפליקציה
PSL_DATA_USAGE_RESPONSES:PSL_POLITICAL_RELIGIOUS:DATA_USAGE_SHARING_PURPOSE,PSL_ANALYTICS,,MULTIPLE_CHOICE,שימוש בנתונים וטיפול בהם (תפישות פוליטיות או אמונות דתיות) / למה נתוני המשתמשים האלה משותפים? יש לבחור בכל האפשרויות הרלוונטיות. / Analytics
PSL_DATA_USAGE_RESPONSES:PSL_POLITICAL_RELIGIOUS:DATA_USAGE_SHARING_PURPOSE,PSL_DEVELOPER_COMMUNICATIONS,,MULTIPLE_CHOICE,שימוש בנתונים וטיפול בהם (תפישות פוליטיות או אמונות דתיות) / למה נתוני המשתמשים האלה משותפים? יש לבחור בכל האפשרויות הרלוונטיות. / הודעות מהמפתחים
PSL_DATA_USAGE_RESPONSES:PSL_POLITICAL_RELIGIOUS:DATA_USAGE_SHARING_PURPOSE,PSL_FRAUD_PREVENTION_SECURITY,,MULTIPLE_CHOICE,"שימוש בנתונים וטיפול בהם (תפישות פוליטיות או אמונות דתיות) / למה נתוני המשתמשים האלה משותפים? יש לבחור בכל האפשרויות הרלוונטיות. / מניעת הונאות, אבטחה ותאימות"
PSL_DATA_USAGE_RESPONSES:PSL_POLITICAL_RELIGIOUS:DATA_USAGE_SHARING_PURPOSE,PSL_ADVERTISING,,MULTIPLE_CHOICE,שימוש בנתונים וטיפול בהם (תפישות פוליטיות או אמונות דתיות) / למה נתוני המשתמשים האלה משותפים? יש לבחור בכל האפשרויות הרלוונטיות. / פרסום או שיווק
PSL_DATA_USAGE_RESPONSES:PSL_POLITICAL_RELIGIOUS:DATA_USAGE_SHARING_PURPOSE,PSL_PERSONALIZATION,,MULTIPLE_CHOICE,שימוש בנתונים וטיפול בהם (תפישות פוליטיות או אמונות דתיות) / למה נתוני המשתמשים האלה משותפים? יש לבחור בכל האפשרויות הרלוונטיות. / התאמה אישית
PSL_DATA_USAGE_RESPONSES:PSL_POLITICAL_RELIGIOUS:DATA_USAGE_SHARING_PURPOSE,PSL_ACCOUNT_MANAGEMENT,,MULTIPLE_CHOICE,שימוש בנתונים וטיפול בהם (תפישות פוליטיות או אמונות דתיות) / למה נתוני המשתמשים האלה משותפים? יש לבחור בכל האפשרויות הרלוונטיות. / ניהול החשבון
PSL_DATA_USAGE_RESPONSES:PSL_SEXUAL_ORIENTATION_GENDER_IDENTITY:PSL_DATA_USAGE_COLLECTION_AND_SHARING,PSL_DATA_USAGE_ONLY_COLLECTED,,MULTIPLE_CHOICE,"שימוש בנתונים וטיפול בהם (נטייה מינית) / האם הנתונים האלה נאספים, משותפים או שניהם? / נאספים"
PSL_DATA_USAGE_RESPONSES:PSL_SEXUAL_ORIENTATION_GENDER_IDENTITY:PSL_DATA_USAGE_COLLECTION_AND_SHARING,PSL_DATA_USAGE_ONLY_SHARED,,MULTIPLE_CHOICE,"שימוש בנתונים וטיפול בהם (נטייה מינית) / האם הנתונים האלה נאספים, משותפים או שניהם? / משותפים"
PSL_DATA_USAGE_RESPONSES:PSL_SEXUAL_ORIENTATION_GENDER_IDENTITY:PSL_DATA_USAGE_EPHEMERAL,,,MAYBE_REQUIRED,שימוש בנתונים וטיפול בהם (נטייה מינית) / האם הנתונים האלה מעובדים באופן זמני?
PSL_DATA_USAGE_RESPONSES:PSL_SEXUAL_ORIENTATION_GENDER_IDENTITY:DATA_USAGE_USER_CONTROL,PSL_DATA_USAGE_USER_CONTROL_OPTIONAL,,SINGLE_CHOICE,שימוש בנתונים וטיפול בהם (נטייה מינית) / האם הנתונים האלה נדרשים באפליקציה שלך או שהמשתמשים יכולים לבחור אם הם יאספו? / המשתמשים יכולים לבחור אם הנתונים האלה ייאספו
PSL_DATA_USAGE_RESPONSES:PSL_SEXUAL_ORIENTATION_GENDER_IDENTITY:DATA_USAGE_USER_CONTROL,PSL_DATA_USAGE_USER_CONTROL_REQUIRED,,SINGLE_CHOICE,שימוש בנתונים וטיפול בהם (נטייה מינית) / האם הנתונים האלה נדרשים באפליקציה שלך או שהמשתמשים יכולים לבחור אם הם יאספו? / איסוף הנתונים נדרש (המשתמשים לא יכולים להשבית את איסוף הנתונים)
PSL_DATA_USAGE_RESPONSES:PSL_SEXUAL_ORIENTATION_GENDER_IDENTITY:DATA_USAGE_COLLECTION_PURPOSE,PSL_APP_FUNCTIONALITY,,MULTIPLE_CHOICE,שימוש בנתונים וטיפול בהם (נטייה מינית) / למה נתוני המשתמשים האלה נאספים? יש לבחור בכל האפשרויות הרלוונטיות. / תכונות האפליקציה
PSL_DATA_USAGE_RESPONSES:PSL_SEXUAL_ORIENTATION_GENDER_IDENTITY:DATA_USAGE_COLLECTION_PURPOSE,PSL_ANALYTICS,,MULTIPLE_CHOICE,שימוש בנתונים וטיפול בהם (נטייה מינית) / למה נתוני המשתמשים האלה נאספים? יש לבחור בכל האפשרויות הרלוונטיות. / Analytics
PSL_DATA_USAGE_RESPONSES:PSL_SEXUAL_ORIENTATION_GENDER_IDENTITY:DATA_USAGE_COLLECTION_PURPOSE,PSL_DEVELOPER_COMMUNICATIONS,,MULTIPLE_CHOICE,שימוש בנתונים וטיפול בהם (נטייה מינית) / למה נתוני המשתמשים האלה נאספים? יש לבחור בכל האפשרויות הרלוונטיות. / הודעות מהמפתחים
PSL_DATA_USAGE_RESPONSES:PSL_SEXUAL_ORIENTATION_GENDER_IDENTITY:DATA_USAGE_COLLECTION_PURPOSE,PSL_FRAUD_PREVENTION_SECURITY,,MULTIPLE_CHOICE,"שימוש בנתונים וטיפול בהם (נטייה מינית) / למה נתוני המשתמשים האלה נאספים? יש לבחור בכל האפשרויות הרלוונטיות. / מניעת הונאות, אבטחה ותאימות"
PSL_DATA_USAGE_RESPONSES:PSL_SEXUAL_ORIENTATION_GENDER_IDENTITY:DATA_USAGE_COLLECTION_PURPOSE,PSL_ADVERTISING,,MULTIPLE_CHOICE,שימוש בנתונים וטיפול בהם (נטייה מינית) / למה נתוני המשתמשים האלה נאספים? יש לבחור בכל האפשרויות הרלוונטיות. / פרסום או שיווק
PSL_DATA_USAGE_RESPONSES:PSL_SEXUAL_ORIENTATION_GENDER_IDENTITY:DATA_USAGE_COLLECTION_PURPOSE,PSL_PERSONALIZATION,,MULTIPLE_CHOICE,שימוש בנתונים וטיפול בהם (נטייה מינית) / למה נתוני המשתמשים האלה נאספים? יש לבחור בכל האפשרויות הרלוונטיות. / התאמה אישית
PSL_DATA_USAGE_RESPONSES:PSL_SEXUAL_ORIENTATION_GENDER_IDENTITY:DATA_USAGE_COLLECTION_PURPOSE,PSL_ACCOUNT_MANAGEMENT,,MULTIPLE_CHOICE,שימוש בנתונים וטיפול בהם (נטייה מינית) / למה נתוני המשתמשים האלה נאספים? יש לבחור בכל האפשרויות הרלוונטיות. / ניהול החשבון
PSL_DATA_USAGE_RESPONSES:PSL_SEXUAL_ORIENTATION_GENDER_IDENTITY:DATA_USAGE_SHARING_PURPOSE,PSL_APP_FUNCTIONALITY,,MULTIPLE_CHOICE,שימוש בנתונים וטיפול בהם (נטייה מינית) / למה נתוני המשתמשים האלה משותפים? יש לבחור בכל האפשרויות הרלוונטיות. / תכונות האפליקציה
PSL_DATA_USAGE_RESPONSES:PSL_SEXUAL_ORIENTATION_GENDER_IDENTITY:DATA_USAGE_SHARING_PURPOSE,PSL_ANALYTICS,,MULTIPLE_CHOICE,שימוש בנתונים וטיפול בהם (נטייה מינית) / למה נתוני המשתמשים האלה משותפים? יש לבחור בכל האפשרויות הרלוונטיות. / Analytics
PSL_DATA_USAGE_RESPONSES:PSL_SEXUAL_ORIENTATION_GENDER_IDENTITY:DATA_USAGE_SHARING_PURPOSE,PSL_DEVELOPER_COMMUNICATIONS,,MULTIPLE_CHOICE,שימוש בנתונים וטיפול בהם (נטייה מינית) / למה נתוני המשתמשים האלה משותפים? יש לבחור בכל האפשרויות הרלוונטיות. / הודעות מהמפתחים
PSL_DATA_USAGE_RESPONSES:PSL_SEXUAL_ORIENTATION_GENDER_IDENTITY:DATA_USAGE_SHARING_PURPOSE,PSL_FRAUD_PREVENTION_SECURITY,,MULTIPLE_CHOICE,"שימוש בנתונים וטיפול בהם (נטייה מינית) / למה נתוני המשתמשים האלה משותפים? יש לבחור בכל האפשרויות הרלוונטיות. / מניעת הונאות, אבטחה ותאימות"
PSL_DATA_USAGE_RESPONSES:PSL_SEXUAL_ORIENTATION_GENDER_IDENTITY:DATA_USAGE_SHARING_PURPOSE,PSL_ADVERTISING,,MULTIPLE_CHOICE,שימוש בנתונים וטיפול בהם (נטייה מינית) / למה נתוני המשתמשים האלה משותפים? יש לבחור בכל האפשרויות הרלוונטיות. / פרסום או שיווק
PSL_DATA_USAGE_RESPONSES:PSL_SEXUAL_ORIENTATION_GENDER_IDENTITY:DATA_USAGE_SHARING_PURPOSE,PSL_PERSONALIZATION,,MULTIPLE_CHOICE,שימוש בנתונים וטיפול בהם (נטייה מינית) / למה נתוני המשתמשים האלה משותפים? יש לבחור בכל האפשרויות הרלוונטיות. / התאמה אישית
PSL_DATA_USAGE_RESPONSES:PSL_SEXUAL_ORIENTATION_GENDER_IDENTITY:DATA_USAGE_SHARING_PURPOSE,PSL_ACCOUNT_MANAGEMENT,,MULTIPLE_CHOICE,שימוש בנתונים וטיפול בהם (נטייה מינית) / למה נתוני המשתמשים האלה משותפים? יש לבחור בכל האפשרויות הרלוונטיות. / ניהול החשבון
PSL_DATA_USAGE_RESPONSES:PSL_OTHER_PERSONAL:PSL_DATA_USAGE_COLLECTION_AND_SHARING,PSL_DATA_USAGE_ONLY_COLLECTED,true,MULTIPLE_CHOICE,"שימוש בנתונים וטיפול בהם (מידע אחר) / האם הנתונים האלה נאספים, משותפים או שניהם? / נאספים"
PSL_DATA_USAGE_RESPONSES:PSL_OTHER_PERSONAL:PSL_DATA_USAGE_COLLECTION_AND_SHARING,PSL_DATA_USAGE_ONLY_SHARED,,MULTIPLE_CHOICE,"שימוש בנתונים וטיפול בהם (מידע אחר) / האם הנתונים האלה נאספים, משותפים או שניהם? / משותפים"
PSL_DATA_USAGE_RESPONSES:PSL_OTHER_PERSONAL:PSL_DATA_USAGE_EPHEMERAL,,false,MAYBE_REQUIRED,שימוש בנתונים וטיפול בהם (מידע אחר) / האם הנתונים האלה מעובדים באופן זמני?
PSL_DATA_USAGE_RESPONSES:PSL_OTHER_PERSONAL:DATA_USAGE_USER_CONTROL,PSL_DATA_USAGE_USER_CONTROL_OPTIONAL,,SINGLE_CHOICE,שימוש בנתונים וטיפול בהם (מידע אחר) / האם הנתונים האלה נדרשים באפליקציה שלך או שהמשתמשים יכולים לבחור אם הם יאספו? / המשתמשים יכולים לבחור אם הנתונים האלה ייאספו
PSL_DATA_USAGE_RESPONSES:PSL_OTHER_PERSONAL:DATA_USAGE_USER_CONTROL,PSL_DATA_USAGE_USER_CONTROL_REQUIRED,true,SINGLE_CHOICE,שימוש בנתונים וטיפול בהם (מידע אחר) / האם הנתונים האלה נדרשים באפליקציה שלך או שהמשתמשים יכולים לבחור אם הם יאספו? / איסוף הנתונים נדרש (המשתמשים לא יכולים להשבית את איסוף הנתונים)
PSL_DATA_USAGE_RESPONSES:PSL_OTHER_PERSONAL:DATA_USAGE_COLLECTION_PURPOSE,PSL_APP_FUNCTIONALITY,true,MULTIPLE_CHOICE,שימוש בנתונים וטיפול בהם (מידע אחר) / למה נתוני המשתמשים האלה נאספים? יש לבחור בכל האפשרויות הרלוונטיות. / תכונות האפליקציה
PSL_DATA_USAGE_RESPONSES:PSL_OTHER_PERSONAL:DATA_USAGE_COLLECTION_PURPOSE,PSL_ANALYTICS,,MULTIPLE_CHOICE,שימוש בנתונים וטיפול בהם (מידע אחר) / למה נתוני המשתמשים האלה נאספים? יש לבחור בכל האפשרויות הרלוונטיות. / Analytics
PSL_DATA_USAGE_RESPONSES:PSL_OTHER_PERSONAL:DATA_USAGE_COLLECTION_PURPOSE,PSL_DEVELOPER_COMMUNICATIONS,,MULTIPLE_CHOICE,שימוש בנתונים וטיפול בהם (מידע אחר) / למה נתוני המשתמשים האלה נאספים? יש לבחור בכל האפשרויות הרלוונטיות. / הודעות מהמפתחים
PSL_DATA_USAGE_RESPONSES:PSL_OTHER_PERSONAL:DATA_USAGE_COLLECTION_PURPOSE,PSL_FRAUD_PREVENTION_SECURITY,,MULTIPLE_CHOICE,"שימוש בנתונים וטיפול בהם (מידע אחר) / למה נתוני המשתמשים האלה נאספים? יש לבחור בכל האפשרויות הרלוונטיות. / מניעת הונאות, אבטחה ותאימות"
PSL_DATA_USAGE_RESPONSES:PSL_OTHER_PERSONAL:DATA_USAGE_COLLECTION_PURPOSE,PSL_ADVERTISING,,MULTIPLE_CHOICE,שימוש בנתונים וטיפול בהם (מידע אחר) / למה נתוני המשתמשים האלה נאספים? יש לבחור בכל האפשרויות הרלוונטיות. / פרסום או שיווק
PSL_DATA_USAGE_RESPONSES:PSL_OTHER_PERSONAL:DATA_USAGE_COLLECTION_PURPOSE,PSL_PERSONALIZATION,,MULTIPLE_CHOICE,שימוש בנתונים וטיפול בהם (מידע אחר) / למה נתוני המשתמשים האלה נאספים? יש לבחור בכל האפשרויות הרלוונטיות. / התאמה אישית
PSL_DATA_USAGE_RESPONSES:PSL_OTHER_PERSONAL:DATA_USAGE_COLLECTION_PURPOSE,PSL_ACCOUNT_MANAGEMENT,true,MULTIPLE_CHOICE,שימוש בנתונים וטיפול בהם (מידע אחר) / למה נתוני המשתמשים האלה נאספים? יש לבחור בכל האפשרויות הרלוונטיות. / ניהול החשבון
PSL_DATA_USAGE_RESPONSES:PSL_OTHER_PERSONAL:DATA_USAGE_SHARING_PURPOSE,PSL_APP_FUNCTIONALITY,,MULTIPLE_CHOICE,שימוש בנתונים וטיפול בהם (מידע אחר) / למה נתוני המשתמשים האלה משותפים? יש לבחור בכל האפשרויות הרלוונטיות. / תכונות האפליקציה
PSL_DATA_USAGE_RESPONSES:PSL_OTHER_PERSONAL:DATA_USAGE_SHARING_PURPOSE,PSL_ANALYTICS,,MULTIPLE_CHOICE,שימוש בנתונים וטיפול בהם (מידע אחר) / למה נתוני המשתמשים האלה משותפים? יש לבחור בכל האפשרויות הרלוונטיות. / Analytics
PSL_DATA_USAGE_RESPONSES:PSL_OTHER_PERSONAL:DATA_USAGE_SHARING_PURPOSE,PSL_DEVELOPER_COMMUNICATIONS,,MULTIPLE_CHOICE,שימוש בנתונים וטיפול בהם (מידע אחר) / למה נתוני המשתמשים האלה משותפים? יש לבחור בכל האפשרויות הרלוונטיות. / הודעות מהמפתחים
PSL_DATA_USAGE_RESPONSES:PSL_OTHER_PERSONAL:DATA_USAGE_SHARING_PURPOSE,PSL_FRAUD_PREVENTION_SECURITY,,MULTIPLE_CHOICE,"שימוש בנתונים וטיפול בהם (מידע אחר) / למה נתוני המשתמשים האלה משותפים? יש לבחור בכל האפשרויות הרלוונטיות. / מניעת הונאות, אבטחה ותאימות"
PSL_DATA_USAGE_RESPONSES:PSL_OTHER_PERSONAL:DATA_USAGE_SHARING_PURPOSE,PSL_ADVERTISING,,MULTIPLE_CHOICE,שימוש בנתונים וטיפול בהם (מידע אחר) / למה נתוני המשתמשים האלה משותפים? יש לבחור בכל האפשרויות הרלוונטיות. / פרסום או שיווק
PSL_DATA_USAGE_RESPONSES:PSL_OTHER_PERSONAL:DATA_USAGE_SHARING_PURPOSE,PSL_PERSONALIZATION,,MULTIPLE_CHOICE,שימוש בנתונים וטיפול בהם (מידע אחר) / למה נתוני המשתמשים האלה משותפים? יש לבחור בכל האפשרויות הרלוונטיות. / התאמה אישית
PSL_DATA_USAGE_RESPONSES:PSL_OTHER_PERSONAL:DATA_USAGE_SHARING_PURPOSE,PSL_ACCOUNT_MANAGEMENT,,MULTIPLE_CHOICE,שימוש בנתונים וטיפול בהם (מידע אחר) / למה נתוני המשתמשים האלה משותפים? יש לבחור בכל האפשרויות הרלוונטיות. / ניהול החשבון
PSL_DATA_USAGE_RESPONSES:PSL_CREDIT_DEBIT_BANK_ACCOUNT_NUMBER:PSL_DATA_USAGE_COLLECTION_AND_SHARING,PSL_DATA_USAGE_ONLY_COLLECTED,,MULTIPLE_CHOICE,"שימוש בנתונים וטיפול בהם (פרטי התשלום של המשתמש) / האם הנתונים האלה נאספים, משותפים או שניהם? / נאספים"
PSL_DATA_USAGE_RESPONSES:PSL_CREDIT_DEBIT_BANK_ACCOUNT_NUMBER:PSL_DATA_USAGE_COLLECTION_AND_SHARING,PSL_DATA_USAGE_ONLY_SHARED,,MULTIPLE_CHOICE,"שימוש בנתונים וטיפול בהם (פרטי התשלום של המשתמש) / האם הנתונים האלה נאספים, משותפים או שניהם? / משותפים"
PSL_DATA_USAGE_RESPONSES:PSL_CREDIT_DEBIT_BANK_ACCOUNT_NUMBER:PSL_DATA_USAGE_EPHEMERAL,,,MAYBE_REQUIRED,שימוש בנתונים וטיפול בהם (פרטי התשלום של המשתמש) / האם הנתונים האלה מעובדים באופן זמני?
PSL_DATA_USAGE_RESPONSES:PSL_CREDIT_DEBIT_BANK_ACCOUNT_NUMBER:DATA_USAGE_USER_CONTROL,PSL_DATA_USAGE_USER_CONTROL_OPTIONAL,,SINGLE_CHOICE,שימוש בנתונים וטיפול בהם (פרטי התשלום של המשתמש) / האם הנתונים האלה נדרשים באפליקציה שלך או שהמשתמשים יכולים לבחור אם הם יאספו? / המשתמשים יכולים לבחור אם הנתונים האלה ייאספו
PSL_DATA_USAGE_RESPONSES:PSL_CREDIT_DEBIT_BANK_ACCOUNT_NUMBER:DATA_USAGE_USER_CONTROL,PSL_DATA_USAGE_USER_CONTROL_REQUIRED,,SINGLE_CHOICE,שימוש בנתונים וטיפול בהם (פרטי התשלום של המשתמש) / האם הנתונים האלה נדרשים באפליקציה שלך או שהמשתמשים יכולים לבחור אם הם יאספו? / איסוף הנתונים נדרש (המשתמשים לא יכולים להשבית את איסוף הנתונים)
PSL_DATA_USAGE_RESPONSES:PSL_CREDIT_DEBIT_BANK_ACCOUNT_NUMBER:DATA_USAGE_COLLECTION_PURPOSE,PSL_APP_FUNCTIONALITY,,MULTIPLE_CHOICE,שימוש בנתונים וטיפול בהם (פרטי התשלום של המשתמש) / למה נתוני המשתמשים האלה נאספים? יש לבחור בכל האפשרויות הרלוונטיות. / תכונות האפליקציה
PSL_DATA_USAGE_RESPONSES:PSL_CREDIT_DEBIT_BANK_ACCOUNT_NUMBER:DATA_USAGE_COLLECTION_PURPOSE,PSL_ANALYTICS,,MULTIPLE_CHOICE,שימוש בנתונים וטיפול בהם (פרטי התשלום של המשתמש) / למה נתוני המשתמשים האלה נאספים? יש לבחור בכל האפשרויות הרלוונטיות. / Analytics
PSL_DATA_USAGE_RESPONSES:PSL_CREDIT_DEBIT_BANK_ACCOUNT_NUMBER:DATA_USAGE_COLLECTION_PURPOSE,PSL_DEVELOPER_COMMUNICATIONS,,MULTIPLE_CHOICE,שימוש בנתונים וטיפול בהם (פרטי התשלום של המשתמש) / למה נתוני המשתמשים האלה נאספים? יש לבחור בכל האפשרויות הרלוונטיות. / הודעות מהמפתחים
PSL_DATA_USAGE_RESPONSES:PSL_CREDIT_DEBIT_BANK_ACCOUNT_NUMBER:DATA_USAGE_COLLECTION_PURPOSE,PSL_FRAUD_PREVENTION_SECURITY,,MULTIPLE_CHOICE,"שימוש בנתונים וטיפול בהם (פרטי התשלום של המשתמש) / למה נתוני המשתמשים האלה נאספים? יש לבחור בכל האפשרויות הרלוונטיות. / מניעת הונאות, אבטחה ותאימות"
PSL_DATA_USAGE_RESPONSES:PSL_CREDIT_DEBIT_BANK_ACCOUNT_NUMBER:DATA_USAGE_COLLECTION_PURPOSE,PSL_ADVERTISING,,MULTIPLE_CHOICE,שימוש בנתונים וטיפול בהם (פרטי התשלום של המשתמש) / למה נתוני המשתמשים האלה נאספים? יש לבחור בכל האפשרויות הרלוונטיות. / פרסום או שיווק
PSL_DATA_USAGE_RESPONSES:PSL_CREDIT_DEBIT_BANK_ACCOUNT_NUMBER:DATA_USAGE_COLLECTION_PURPOSE,PSL_PERSONALIZATION,,MULTIPLE_CHOICE,שימוש בנתונים וטיפול בהם (פרטי התשלום של המשתמש) / למה נתוני המשתמשים האלה נאספים? יש לבחור בכל האפשרויות הרלוונטיות. / התאמה אישית
PSL_DATA_USAGE_RESPONSES:PSL_CREDIT_DEBIT_BANK_ACCOUNT_NUMBER:DATA_USAGE_COLLECTION_PURPOSE,PSL_ACCOUNT_MANAGEMENT,,MULTIPLE_CHOICE,שימוש בנתונים וטיפול בהם (פרטי התשלום של המשתמש) / למה נתוני המשתמשים האלה נאספים? יש לבחור בכל האפשרויות הרלוונטיות. / ניהול החשבון
PSL_DATA_USAGE_RESPONSES:PSL_CREDIT_DEBIT_BANK_ACCOUNT_NUMBER:DATA_USAGE_SHARING_PURPOSE,PSL_APP_FUNCTIONALITY,,MULTIPLE_CHOICE,שימוש בנתונים וטיפול בהם (פרטי התשלום של המשתמש) / למה נתוני המשתמשים האלה משותפים? יש לבחור בכל האפשרויות הרלוונטיות. / תכונות האפליקציה
PSL_DATA_USAGE_RESPONSES:PSL_CREDIT_DEBIT_BANK_ACCOUNT_NUMBER:DATA_USAGE_SHARING_PURPOSE,PSL_ANALYTICS,,MULTIPLE_CHOICE,שימוש בנתונים וטיפול בהם (פרטי התשלום של המשתמש) / למה נתוני המשתמשים האלה משותפים? יש לבחור בכל האפשרויות הרלוונטיות. / Analytics
PSL_DATA_USAGE_RESPONSES:PSL_CREDIT_DEBIT_BANK_ACCOUNT_NUMBER:DATA_USAGE_SHARING_PURPOSE,PSL_DEVELOPER_COMMUNICATIONS,,MULTIPLE_CHOICE,שימוש בנתונים וטיפול בהם (פרטי התשלום של המשתמש) / למה נתוני המשתמשים האלה משותפים? יש לבחור בכל האפשרויות הרלוונטיות. / הודעות מהמפתחים
PSL_DATA_USAGE_RESPONSES:PSL_CREDIT_DEBIT_BANK_ACCOUNT_NUMBER:DATA_USAGE_SHARING_PURPOSE,PSL_FRAUD_PREVENTION_SECURITY,,MULTIPLE_CHOICE,"שימוש בנתונים וטיפול בהם (פרטי התשלום של המשתמש) / למה נתוני המשתמשים האלה משותפים? יש לבחור בכל האפשרויות הרלוונטיות. / מניעת הונאות, אבטחה ותאימות"
PSL_DATA_USAGE_RESPONSES:PSL_CREDIT_DEBIT_BANK_ACCOUNT_NUMBER:DATA_USAGE_SHARING_PURPOSE,PSL_ADVERTISING,,MULTIPLE_CHOICE,שימוש בנתונים וטיפול בהם (פרטי התשלום של המשתמש) / למה נתוני המשתמשים האלה משותפים? יש לבחור בכל האפשרויות הרלוונטיות. / פרסום או שיווק
PSL_DATA_USAGE_RESPONSES:PSL_CREDIT_DEBIT_BANK_ACCOUNT_NUMBER:DATA_USAGE_SHARING_PURPOSE,PSL_PERSONALIZATION,,MULTIPLE_CHOICE,שימוש בנתונים וטיפול בהם (פרטי התשלום של המשתמש) / למה נתוני המשתמשים האלה משותפים? יש לבחור בכל האפשרויות הרלוונטיות. / התאמה אישית
PSL_DATA_USAGE_RESPONSES:PSL_CREDIT_DEBIT_BANK_ACCOUNT_NUMBER:DATA_USAGE_SHARING_PURPOSE,PSL_ACCOUNT_MANAGEMENT,,MULTIPLE_CHOICE,שימוש בנתונים וטיפול בהם (פרטי התשלום של המשתמש) / למה נתוני המשתמשים האלה משותפים? יש לבחור בכל האפשרויות הרלוונטיות. / ניהול החשבון
PSL_DATA_USAGE_RESPONSES:PSL_PURCHASE_HISTORY:PSL_DATA_USAGE_COLLECTION_AND_SHARING,PSL_DATA_USAGE_ONLY_COLLECTED,,MULTIPLE_CHOICE,"שימוש בנתונים וטיפול בהם (היסטוריית רכישות) / האם הנתונים האלה נאספים, משותפים או שניהם? / נאספים"
PSL_DATA_USAGE_RESPONSES:PSL_PURCHASE_HISTORY:PSL_DATA_USAGE_COLLECTION_AND_SHARING,PSL_DATA_USAGE_ONLY_SHARED,,MULTIPLE_CHOICE,"שימוש בנתונים וטיפול בהם (היסטוריית רכישות) / האם הנתונים האלה נאספים, משותפים או שניהם? / משותפים"
PSL_DATA_USAGE_RESPONSES:PSL_PURCHASE_HISTORY:PSL_DATA_USAGE_EPHEMERAL,,,MAYBE_REQUIRED,שימוש בנתונים וטיפול בהם (היסטוריית רכישות) / האם הנתונים האלה מעובדים באופן זמני?
PSL_DATA_USAGE_RESPONSES:PSL_PURCHASE_HISTORY:DATA_USAGE_USER_CONTROL,PSL_DATA_USAGE_USER_CONTROL_OPTIONAL,,SINGLE_CHOICE,שימוש בנתונים וטיפול בהם (היסטוריית רכישות) / האם הנתונים האלה נדרשים באפליקציה שלך או שהמשתמשים יכולים לבחור אם הם יאספו? / המשתמשים יכולים לבחור אם הנתונים האלה ייאספו
PSL_DATA_USAGE_RESPONSES:PSL_PURCHASE_HISTORY:DATA_USAGE_USER_CONTROL,PSL_DATA_USAGE_USER_CONTROL_REQUIRED,,SINGLE_CHOICE,שימוש בנתונים וטיפול בהם (היסטוריית רכישות) / האם הנתונים האלה נדרשים באפליקציה שלך או שהמשתמשים יכולים לבחור אם הם יאספו? / איסוף הנתונים נדרש (המשתמשים לא יכולים להשבית את איסוף הנתונים)
PSL_DATA_USAGE_RESPONSES:PSL_PURCHASE_HISTORY:DATA_USAGE_COLLECTION_PURPOSE,PSL_APP_FUNCTIONALITY,,MULTIPLE_CHOICE,שימוש בנתונים וטיפול בהם (היסטוריית רכישות) / למה נתוני המשתמשים האלה נאספים? יש לבחור בכל האפשרויות הרלוונטיות. / תכונות האפליקציה
PSL_DATA_USAGE_RESPONSES:PSL_PURCHASE_HISTORY:DATA_USAGE_COLLECTION_PURPOSE,PSL_ANALYTICS,,MULTIPLE_CHOICE,שימוש בנתונים וטיפול בהם (היסטוריית רכישות) / למה נתוני המשתמשים האלה נאספים? יש לבחור בכל האפשרויות הרלוונטיות. / Analytics
PSL_DATA_USAGE_RESPONSES:PSL_PURCHASE_HISTORY:DATA_USAGE_COLLECTION_PURPOSE,PSL_DEVELOPER_COMMUNICATIONS,,MULTIPLE_CHOICE,שימוש בנתונים וטיפול בהם (היסטוריית רכישות) / למה נתוני המשתמשים האלה נאספים? יש לבחור בכל האפשרויות הרלוונטיות. / הודעות מהמפתחים
PSL_DATA_USAGE_RESPONSES:PSL_PURCHASE_HISTORY:DATA_USAGE_COLLECTION_PURPOSE,PSL_FRAUD_PREVENTION_SECURITY,,MULTIPLE_CHOICE,"שימוש בנתונים וטיפול בהם (היסטוריית רכישות) / למה נתוני המשתמשים האלה נאספים? יש לבחור בכל האפשרויות הרלוונטיות. / מניעת הונאות, אבטחה ותאימות"
PSL_DATA_USAGE_RESPONSES:PSL_PURCHASE_HISTORY:DATA_USAGE_COLLECTION_PURPOSE,PSL_ADVERTISING,,MULTIPLE_CHOICE,שימוש בנתונים וטיפול בהם (היסטוריית רכישות) / למה נתוני המשתמשים האלה נאספים? יש לבחור בכל האפשרויות הרלוונטיות. / פרסום או שיווק
PSL_DATA_USAGE_RESPONSES:PSL_PURCHASE_HISTORY:DATA_USAGE_COLLECTION_PURPOSE,PSL_PERSONALIZATION,,MULTIPLE_CHOICE,שימוש בנתונים וטיפול בהם (היסטוריית רכישות) / למה נתוני המשתמשים האלה נאספים? יש לבחור בכל האפשרויות הרלוונטיות. / התאמה אישית
PSL_DATA_USAGE_RESPONSES:PSL_PURCHASE_HISTORY:DATA_USAGE_COLLECTION_PURPOSE,PSL_ACCOUNT_MANAGEMENT,,MULTIPLE_CHOICE,שימוש בנתונים וטיפול בהם (היסטוריית רכישות) / למה נתוני המשתמשים האלה נאספים? יש לבחור בכל האפשרויות הרלוונטיות. / ניהול החשבון
PSL_DATA_USAGE_RESPONSES:PSL_PURCHASE_HISTORY:DATA_USAGE_SHARING_PURPOSE,PSL_APP_FUNCTIONALITY,,MULTIPLE_CHOICE,שימוש בנתונים וטיפול בהם (היסטוריית רכישות) / למה נתוני המשתמשים האלה משותפים? יש לבחור בכל האפשרויות הרלוונטיות. / תכונות האפליקציה
PSL_DATA_USAGE_RESPONSES:PSL_PURCHASE_HISTORY:DATA_USAGE_SHARING_PURPOSE,PSL_ANALYTICS,,MULTIPLE_CHOICE,שימוש בנתונים וטיפול בהם (היסטוריית רכישות) / למה נתוני המשתמשים האלה משותפים? יש לבחור בכל האפשרויות הרלוונטיות. / Analytics
PSL_DATA_USAGE_RESPONSES:PSL_PURCHASE_HISTORY:DATA_USAGE_SHARING_PURPOSE,PSL_DEVELOPER_COMMUNICATIONS,,MULTIPLE_CHOICE,שימוש בנתונים וטיפול בהם (היסטוריית רכישות) / למה נתוני המשתמשים האלה משותפים? יש לבחור בכל האפשרויות הרלוונטיות. / הודעות מהמפתחים
PSL_DATA_USAGE_RESPONSES:PSL_PURCHASE_HISTORY:DATA_USAGE_SHARING_PURPOSE,PSL_FRAUD_PREVENTION_SECURITY,,MULTIPLE_CHOICE,"שימוש בנתונים וטיפול בהם (היסטוריית רכישות) / למה נתוני המשתמשים האלה משותפים? יש לבחור בכל האפשרויות הרלוונטיות. / מניעת הונאות, אבטחה ותאימות"
PSL_DATA_USAGE_RESPONSES:PSL_PURCHASE_HISTORY:DATA_USAGE_SHARING_PURPOSE,PSL_ADVERTISING,,MULTIPLE_CHOICE,שימוש בנתונים וטיפול בהם (היסטוריית רכישות) / למה נתוני המשתמשים האלה משותפים? יש לבחור בכל האפשרויות הרלוונטיות. / פרסום או שיווק
PSL_DATA_USAGE_RESPONSES:PSL_PURCHASE_HISTORY:DATA_USAGE_SHARING_PURPOSE,PSL_PERSONALIZATION,,MULTIPLE_CHOICE,שימוש בנתונים וטיפול בהם (היסטוריית רכישות) / למה נתוני המשתמשים האלה משותפים? יש לבחור בכל האפשרויות הרלוונטיות. / התאמה אישית
PSL_DATA_USAGE_RESPONSES:PSL_PURCHASE_HISTORY:DATA_USAGE_SHARING_PURPOSE,PSL_ACCOUNT_MANAGEMENT,,MULTIPLE_CHOICE,שימוש בנתונים וטיפול בהם (היסטוריית רכישות) / למה נתוני המשתמשים האלה משותפים? יש לבחור בכל האפשרויות הרלוונטיות. / ניהול החשבון
PSL_DATA_USAGE_RESPONSES:PSL_CREDIT_SCORE:PSL_DATA_USAGE_COLLECTION_AND_SHARING,PSL_DATA_USAGE_ONLY_COLLECTED,,MULTIPLE_CHOICE,"שימוש בנתונים וטיפול בהם (דירוגי אשראי) / האם הנתונים האלה נאספים, משותפים או שניהם? / נאספים"
PSL_DATA_USAGE_RESPONSES:PSL_CREDIT_SCORE:PSL_DATA_USAGE_COLLECTION_AND_SHARING,PSL_DATA_USAGE_ONLY_SHARED,,MULTIPLE_CHOICE,"שימוש בנתונים וטיפול בהם (דירוגי אשראי) / האם הנתונים האלה נאספים, משותפים או שניהם? / משותפים"
PSL_DATA_USAGE_RESPONSES:PSL_CREDIT_SCORE:PSL_DATA_USAGE_EPHEMERAL,,,MAYBE_REQUIRED,שימוש בנתונים וטיפול בהם (דירוגי אשראי) / האם הנתונים האלה מעובדים באופן זמני?
PSL_DATA_USAGE_RESPONSES:PSL_CREDIT_SCORE:DATA_USAGE_USER_CONTROL,PSL_DATA_USAGE_USER_CONTROL_OPTIONAL,,SINGLE_CHOICE,שימוש בנתונים וטיפול בהם (דירוגי אשראי) / האם הנתונים האלה נדרשים באפליקציה שלך או שהמשתמשים יכולים לבחור אם הם יאספו? / המשתמשים יכולים לבחור אם הנתונים האלה ייאספו
PSL_DATA_USAGE_RESPONSES:PSL_CREDIT_SCORE:DATA_USAGE_USER_CONTROL,PSL_DATA_USAGE_USER_CONTROL_REQUIRED,,SINGLE_CHOICE,שימוש בנתונים וטיפול בהם (דירוגי אשראי) / האם הנתונים האלה נדרשים באפליקציה שלך או שהמשתמשים יכולים לבחור אם הם יאספו? / איסוף הנתונים נדרש (המשתמשים לא יכולים להשבית את איסוף הנתונים)
PSL_DATA_USAGE_RESPONSES:PSL_CREDIT_SCORE:DATA_USAGE_COLLECTION_PURPOSE,PSL_APP_FUNCTIONALITY,,MULTIPLE_CHOICE,שימוש בנתונים וטיפול בהם (דירוגי אשראי) / למה נתוני המשתמשים האלה נאספים? יש לבחור בכל האפשרויות הרלוונטיות. / תכונות האפליקציה
PSL_DATA_USAGE_RESPONSES:PSL_CREDIT_SCORE:DATA_USAGE_COLLECTION_PURPOSE,PSL_ANALYTICS,,MULTIPLE_CHOICE,שימוש בנתונים וטיפול בהם (דירוגי אשראי) / למה נתוני המשתמשים האלה נאספים? יש לבחור בכל האפשרויות הרלוונטיות. / Analytics
PSL_DATA_USAGE_RESPONSES:PSL_CREDIT_SCORE:DATA_USAGE_COLLECTION_PURPOSE,PSL_DEVELOPER_COMMUNICATIONS,,MULTIPLE_CHOICE,שימוש בנתונים וטיפול בהם (דירוגי אשראי) / למה נתוני המשתמשים האלה נאספים? יש לבחור בכל האפשרויות הרלוונטיות. / הודעות מהמפתחים
PSL_DATA_USAGE_RESPONSES:PSL_CREDIT_SCORE:DATA_USAGE_COLLECTION_PURPOSE,PSL_FRAUD_PREVENTION_SECURITY,,MULTIPLE_CHOICE,"שימוש בנתונים וטיפול בהם (דירוגי אשראי) / למה נתוני המשתמשים האלה נאספים? יש לבחור בכל האפשרויות הרלוונטיות. / מניעת הונאות, אבטחה ותאימות"
PSL_DATA_USAGE_RESPONSES:PSL_CREDIT_SCORE:DATA_USAGE_COLLECTION_PURPOSE,PSL_ADVERTISING,,MULTIPLE_CHOICE,שימוש בנתונים וטיפול בהם (דירוגי אשראי) / למה נתוני המשתמשים האלה נאספים? יש לבחור בכל האפשרויות הרלוונטיות. / פרסום או שיווק
PSL_DATA_USAGE_RESPONSES:PSL_CREDIT_SCORE:DATA_USAGE_COLLECTION_PURPOSE,PSL_PERSONALIZATION,,MULTIPLE_CHOICE,שימוש בנתונים וטיפול בהם (דירוגי אשראי) / למה נתוני המשתמשים האלה נאספים? יש לבחור בכל האפשרויות הרלוונטיות. / התאמה אישית
PSL_DATA_USAGE_RESPONSES:PSL_CREDIT_SCORE:DATA_USAGE_COLLECTION_PURPOSE,PSL_ACCOUNT_MANAGEMENT,,MULTIPLE_CHOICE,שימוש בנתונים וטיפול בהם (דירוגי אשראי) / למה נתוני המשתמשים האלה נאספים? יש לבחור בכל האפשרויות הרלוונטיות. / ניהול החשבון
PSL_DATA_USAGE_RESPONSES:PSL_CREDIT_SCORE:DATA_USAGE_SHARING_PURPOSE,PSL_APP_FUNCTIONALITY,,MULTIPLE_CHOICE,שימוש בנתונים וטיפול בהם (דירוגי אשראי) / למה נתוני המשתמשים האלה משותפים? יש לבחור בכל האפשרויות הרלוונטיות. / תכונות האפליקציה
PSL_DATA_USAGE_RESPONSES:PSL_CREDIT_SCORE:DATA_USAGE_SHARING_PURPOSE,PSL_ANALYTICS,,MULTIPLE_CHOICE,שימוש בנתונים וטיפול בהם (דירוגי אשראי) / למה נתוני המשתמשים האלה משותפים? יש לבחור בכל האפשרויות הרלוונטיות. / Analytics
PSL_DATA_USAGE_RESPONSES:PSL_CREDIT_SCORE:DATA_USAGE_SHARING_PURPOSE,PSL_DEVELOPER_COMMUNICATIONS,,MULTIPLE_CHOICE,שימוש בנתונים וטיפול בהם (דירוגי אשראי) / למה נתוני המשתמשים האלה משותפים? יש לבחור בכל האפשרויות הרלוונטיות. / הודעות מהמפתחים
PSL_DATA_USAGE_RESPONSES:PSL_CREDIT_SCORE:DATA_USAGE_SHARING_PURPOSE,PSL_FRAUD_PREVENTION_SECURITY,,MULTIPLE_CHOICE,"שימוש בנתונים וטיפול בהם (דירוגי אשראי) / למה נתוני המשתמשים האלה משותפים? יש לבחור בכל האפשרויות הרלוונטיות. / מניעת הונאות, אבטחה ותאימות"
PSL_DATA_USAGE_RESPONSES:PSL_CREDIT_SCORE:DATA_USAGE_SHARING_PURPOSE,PSL_ADVERTISING,,MULTIPLE_CHOICE,שימוש בנתונים וטיפול בהם (דירוגי אשראי) / למה נתוני המשתמשים האלה משותפים? יש לבחור בכל האפשרויות הרלוונטיות. / פרסום או שיווק
PSL_DATA_USAGE_RESPONSES:PSL_CREDIT_SCORE:DATA_USAGE_SHARING_PURPOSE,PSL_PERSONALIZATION,,MULTIPLE_CHOICE,שימוש בנתונים וטיפול בהם (דירוגי אשראי) / למה נתוני המשתמשים האלה משותפים? יש לבחור בכל האפשרויות הרלוונטיות. / התאמה אישית
PSL_DATA_USAGE_RESPONSES:PSL_CREDIT_SCORE:DATA_USAGE_SHARING_PURPOSE,PSL_ACCOUNT_MANAGEMENT,,MULTIPLE_CHOICE,שימוש בנתונים וטיפול בהם (דירוגי אשראי) / למה נתוני המשתמשים האלה משותפים? יש לבחור בכל האפשרויות הרלוונטיות. / ניהול החשבון
PSL_DATA_USAGE_RESPONSES:PSL_OTHER:PSL_DATA_USAGE_COLLECTION_AND_SHARING,PSL_DATA_USAGE_ONLY_COLLECTED,,MULTIPLE_CHOICE,"שימוש בנתונים וטיפול בהם (מידע פיננסי אחר) / האם הנתונים האלה נאספים, משותפים או שניהם? / נאספים"
PSL_DATA_USAGE_RESPONSES:PSL_OTHER:PSL_DATA_USAGE_COLLECTION_AND_SHARING,PSL_DATA_USAGE_ONLY_SHARED,,MULTIPLE_CHOICE,"שימוש בנתונים וטיפול בהם (מידע פיננסי אחר) / האם הנתונים האלה נאספים, משותפים או שניהם? / משותפים"
PSL_DATA_USAGE_RESPONSES:PSL_OTHER:PSL_DATA_USAGE_EPHEMERAL,,,MAYBE_REQUIRED,שימוש בנתונים וטיפול בהם (מידע פיננסי אחר) / האם הנתונים האלה מעובדים באופן זמני?
PSL_DATA_USAGE_RESPONSES:PSL_OTHER:DATA_USAGE_USER_CONTROL,PSL_DATA_USAGE_USER_CONTROL_OPTIONAL,,SINGLE_CHOICE,שימוש בנתונים וטיפול בהם (מידע פיננסי אחר) / האם הנתונים האלה נדרשים באפליקציה שלך או שהמשתמשים יכולים לבחור אם הם יאספו? / המשתמשים יכולים לבחור אם הנתונים האלה ייאספו
PSL_DATA_USAGE_RESPONSES:PSL_OTHER:DATA_USAGE_USER_CONTROL,PSL_DATA_USAGE_USER_CONTROL_REQUIRED,,SINGLE_CHOICE,שימוש בנתונים וטיפול בהם (מידע פיננסי אחר) / האם הנתונים האלה נדרשים באפליקציה שלך או שהמשתמשים יכולים לבחור אם הם יאספו? / איסוף הנתונים נדרש (המשתמשים לא יכולים להשבית את איסוף הנתונים)
PSL_DATA_USAGE_RESPONSES:PSL_OTHER:DATA_USAGE_COLLECTION_PURPOSE,PSL_APP_FUNCTIONALITY,,MULTIPLE_CHOICE,שימוש בנתונים וטיפול בהם (מידע פיננסי אחר) / למה נתוני המשתמשים האלה נאספים? יש לבחור בכל האפשרויות הרלוונטיות. / תכונות האפליקציה
PSL_DATA_USAGE_RESPONSES:PSL_OTHER:DATA_USAGE_COLLECTION_PURPOSE,PSL_ANALYTICS,,MULTIPLE_CHOICE,שימוש בנתונים וטיפול בהם (מידע פיננסי אחר) / למה נתוני המשתמשים האלה נאספים? יש לבחור בכל האפשרויות הרלוונטיות. / Analytics
PSL_DATA_USAGE_RESPONSES:PSL_OTHER:DATA_USAGE_COLLECTION_PURPOSE,PSL_DEVELOPER_COMMUNICATIONS,,MULTIPLE_CHOICE,שימוש בנתונים וטיפול בהם (מידע פיננסי אחר) / למה נתוני המשתמשים האלה נאספים? יש לבחור בכל האפשרויות הרלוונטיות. / הודעות מהמפתחים
PSL_DATA_USAGE_RESPONSES:PSL_OTHER:DATA_USAGE_COLLECTION_PURPOSE,PSL_FRAUD_PREVENTION_SECURITY,,MULTIPLE_CHOICE,"שימוש בנתונים וטיפול בהם (מידע פיננסי אחר) / למה נתוני המשתמשים האלה נאספים? יש לבחור בכל האפשרויות הרלוונטיות. / מניעת הונאות, אבטחה ותאימות"
PSL_DATA_USAGE_RESPONSES:PSL_OTHER:DATA_USAGE_COLLECTION_PURPOSE,PSL_ADVERTISING,,MULTIPLE_CHOICE,שימוש בנתונים וטיפול בהם (מידע פיננסי אחר) / למה נתוני המשתמשים האלה נאספים? יש לבחור בכל האפשרויות הרלוונטיות. / פרסום או שיווק
PSL_DATA_USAGE_RESPONSES:PSL_OTHER:DATA_USAGE_COLLECTION_PURPOSE,PSL_PERSONALIZATION,,MULTIPLE_CHOICE,שימוש בנתונים וטיפול בהם (מידע פיננסי אחר) / למה נתוני המשתמשים האלה נאספים? יש לבחור בכל האפשרויות הרלוונטיות. / התאמה אישית
PSL_DATA_USAGE_RESPONSES:PSL_OTHER:DATA_USAGE_COLLECTION_PURPOSE,PSL_ACCOUNT_MANAGEMENT,,MULTIPLE_CHOICE,שימוש בנתונים וטיפול בהם (מידע פיננסי אחר) / למה נתוני המשתמשים האלה נאספים? יש לבחור בכל האפשרויות הרלוונטיות. / ניהול החשבון
PSL_DATA_USAGE_RESPONSES:PSL_OTHER:DATA_USAGE_SHARING_PURPOSE,PSL_APP_FUNCTIONALITY,,MULTIPLE_CHOICE,שימוש בנתונים וטיפול בהם (מידע פיננסי אחר) / למה נתוני המשתמשים האלה משותפים? יש לבחור בכל האפשרויות הרלוונטיות. / תכונות האפליקציה
PSL_DATA_USAGE_RESPONSES:PSL_OTHER:DATA_USAGE_SHARING_PURPOSE,PSL_ANALYTICS,,MULTIPLE_CHOICE,שימוש בנתונים וטיפול בהם (מידע פיננסי אחר) / למה נתוני המשתמשים האלה משותפים? יש לבחור בכל האפשרויות הרלוונטיות. / Analytics
PSL_DATA_USAGE_RESPONSES:PSL_OTHER:DATA_USAGE_SHARING_PURPOSE,PSL_DEVELOPER_COMMUNICATIONS,,MULTIPLE_CHOICE,שימוש בנתונים וטיפול בהם (מידע פיננסי אחר) / למה נתוני המשתמשים האלה משותפים? יש לבחור בכל האפשרויות הרלוונטיות. / הודעות מהמפתחים
PSL_DATA_USAGE_RESPONSES:PSL_OTHER:DATA_USAGE_SHARING_PURPOSE,PSL_FRAUD_PREVENTION_SECURITY,,MULTIPLE_CHOICE,"שימוש בנתונים וטיפול בהם (מידע פיננסי אחר) / למה נתוני המשתמשים האלה משותפים? יש לבחור בכל האפשרויות הרלוונטיות. / מניעת הונאות, אבטחה ותאימות"
PSL_DATA_USAGE_RESPONSES:PSL_OTHER:DATA_USAGE_SHARING_PURPOSE,PSL_ADVERTISING,,MULTIPLE_CHOICE,שימוש בנתונים וטיפול בהם (מידע פיננסי אחר) / למה נתוני המשתמשים האלה משותפים? יש לבחור בכל האפשרויות הרלוונטיות. / פרסום או שיווק
PSL_DATA_USAGE_RESPONSES:PSL_OTHER:DATA_USAGE_SHARING_PURPOSE,PSL_PERSONALIZATION,,MULTIPLE_CHOICE,שימוש בנתונים וטיפול בהם (מידע פיננסי אחר) / למה נתוני המשתמשים האלה משותפים? יש לבחור בכל האפשרויות הרלוונטיות. / התאמה אישית
PSL_DATA_USAGE_RESPONSES:PSL_OTHER:DATA_USAGE_SHARING_PURPOSE,PSL_ACCOUNT_MANAGEMENT,,MULTIPLE_CHOICE,שימוש בנתונים וטיפול בהם (מידע פיננסי אחר) / למה נתוני המשתמשים האלה משותפים? יש לבחור בכל האפשרויות הרלוונטיות. / ניהול החשבון
PSL_DATA_USAGE_RESPONSES:PSL_APPROX_LOCATION:PSL_DATA_USAGE_COLLECTION_AND_SHARING,PSL_DATA_USAGE_ONLY_COLLECTED,true,MULTIPLE_CHOICE,"שימוש בנתונים וטיפול בהם (מיקום משוער) / האם הנתונים האלה נאספים, משותפים או שניהם? / נאספים"
PSL_DATA_USAGE_RESPONSES:PSL_APPROX_LOCATION:PSL_DATA_USAGE_COLLECTION_AND_SHARING,PSL_DATA_USAGE_ONLY_SHARED,,MULTIPLE_CHOICE,"שימוש בנתונים וטיפול בהם (מיקום משוער) / האם הנתונים האלה נאספים, משותפים או שניהם? / משותפים"
PSL_DATA_USAGE_RESPONSES:PSL_APPROX_LOCATION:PSL_DATA_USAGE_EPHEMERAL,,false,MAYBE_REQUIRED,שימוש בנתונים וטיפול בהם (מיקום משוער) / האם הנתונים האלה מעובדים באופן זמני?
PSL_DATA_USAGE_RESPONSES:PSL_APPROX_LOCATION:DATA_USAGE_USER_CONTROL,PSL_DATA_USAGE_USER_CONTROL_OPTIONAL,true,SINGLE_CHOICE,שימוש בנתונים וטיפול בהם (מיקום משוער) / האם הנתונים האלה נדרשים באפליקציה שלך או שהמשתמשים יכולים לבחור אם הם יאספו? / המשתמשים יכולים לבחור אם הנתונים האלה ייאספו
PSL_DATA_USAGE_RESPONSES:PSL_APPROX_LOCATION:DATA_USAGE_USER_CONTROL,PSL_DATA_USAGE_USER_CONTROL_REQUIRED,,SINGLE_CHOICE,שימוש בנתונים וטיפול בהם (מיקום משוער) / האם הנתונים האלה נדרשים באפליקציה שלך או שהמשתמשים יכולים לבחור אם הם יאספו? / איסוף הנתונים נדרש (המשתמשים לא יכולים להשבית את איסוף הנתונים)
PSL_DATA_USAGE_RESPONSES:PSL_APPROX_LOCATION:DATA_USAGE_COLLECTION_PURPOSE,PSL_APP_FUNCTIONALITY,true,MULTIPLE_CHOICE,שימוש בנתונים וטיפול בהם (מיקום משוער) / למה נתוני המשתמשים האלה נאספים? יש לבחור בכל האפשרויות הרלוונטיות. / תכונות האפליקציה
PSL_DATA_USAGE_RESPONSES:PSL_APPROX_LOCATION:DATA_USAGE_COLLECTION_PURPOSE,PSL_ANALYTICS,,MULTIPLE_CHOICE,שימוש בנתונים וטיפול בהם (מיקום משוער) / למה נתוני המשתמשים האלה נאספים? יש לבחור בכל האפשרויות הרלוונטיות. / Analytics
PSL_DATA_USAGE_RESPONSES:PSL_APPROX_LOCATION:DATA_USAGE_COLLECTION_PURPOSE,PSL_DEVELOPER_COMMUNICATIONS,,MULTIPLE_CHOICE,שימוש בנתונים וטיפול בהם (מיקום משוער) / למה נתוני המשתמשים האלה נאספים? יש לבחור בכל האפשרויות הרלוונטיות. / הודעות מהמפתחים
PSL_DATA_USAGE_RESPONSES:PSL_APPROX_LOCATION:DATA_USAGE_COLLECTION_PURPOSE,PSL_FRAUD_PREVENTION_SECURITY,,MULTIPLE_CHOICE,"שימוש בנתונים וטיפול בהם (מיקום משוער) / למה נתוני המשתמשים האלה נאספים? יש לבחור בכל האפשרויות הרלוונטיות. / מניעת הונאות, אבטחה ותאימות"
PSL_DATA_USAGE_RESPONSES:PSL_APPROX_LOCATION:DATA_USAGE_COLLECTION_PURPOSE,PSL_ADVERTISING,,MULTIPLE_CHOICE,שימוש בנתונים וטיפול בהם (מיקום משוער) / למה נתוני המשתמשים האלה נאספים? יש לבחור בכל האפשרויות הרלוונטיות. / פרסום או שיווק
PSL_DATA_USAGE_RESPONSES:PSL_APPROX_LOCATION:DATA_USAGE_COLLECTION_PURPOSE,PSL_PERSONALIZATION,true,MULTIPLE_CHOICE,שימוש בנתונים וטיפול בהם (מיקום משוער) / למה נתוני המשתמשים האלה נאספים? יש לבחור בכל האפשרויות הרלוונטיות. / התאמה אישית
PSL_DATA_USAGE_RESPONSES:PSL_APPROX_LOCATION:DATA_USAGE_COLLECTION_PURPOSE,PSL_ACCOUNT_MANAGEMENT,,MULTIPLE_CHOICE,שימוש בנתונים וטיפול בהם (מיקום משוער) / למה נתוני המשתמשים האלה נאספים? יש לבחור בכל האפשרויות הרלוונטיות. / ניהול החשבון
PSL_DATA_USAGE_RESPONSES:PSL_APPROX_LOCATION:DATA_USAGE_SHARING_PURPOSE,PSL_APP_FUNCTIONALITY,,MULTIPLE_CHOICE,שימוש בנתונים וטיפול בהם (מיקום משוער) / למה נתוני המשתמשים האלה משותפים? יש לבחור בכל האפשרויות הרלוונטיות. / תכונות האפליקציה
PSL_DATA_USAGE_RESPONSES:PSL_APPROX_LOCATION:DATA_USAGE_SHARING_PURPOSE,PSL_ANALYTICS,,MULTIPLE_CHOICE,שימוש בנתונים וטיפול בהם (מיקום משוער) / למה נתוני המשתמשים האלה משותפים? יש לבחור בכל האפשרויות הרלוונטיות. / Analytics
PSL_DATA_USAGE_RESPONSES:PSL_APPROX_LOCATION:DATA_USAGE_SHARING_PURPOSE,PSL_DEVELOPER_COMMUNICATIONS,,MULTIPLE_CHOICE,שימוש בנתונים וטיפול בהם (מיקום משוער) / למה נתוני המשתמשים האלה משותפים? יש לבחור בכל האפשרויות הרלוונטיות. / הודעות מהמפתחים
PSL_DATA_USAGE_RESPONSES:PSL_APPROX_LOCATION:DATA_USAGE_SHARING_PURPOSE,PSL_FRAUD_PREVENTION_SECURITY,,MULTIPLE_CHOICE,"שימוש בנתונים וטיפול בהם (מיקום משוער) / למה נתוני המשתמשים האלה משותפים? יש לבחור בכל האפשרויות הרלוונטיות. / מניעת הונאות, אבטחה ותאימות"
PSL_DATA_USAGE_RESPONSES:PSL_APPROX_LOCATION:DATA_USAGE_SHARING_PURPOSE,PSL_ADVERTISING,,MULTIPLE_CHOICE,שימוש בנתונים וטיפול בהם (מיקום משוער) / למה נתוני המשתמשים האלה משותפים? יש לבחור בכל האפשרויות הרלוונטיות. / פרסום או שיווק
PSL_DATA_USAGE_RESPONSES:PSL_APPROX_LOCATION:DATA_USAGE_SHARING_PURPOSE,PSL_PERSONALIZATION,,MULTIPLE_CHOICE,שימוש בנתונים וטיפול בהם (מיקום משוער) / למה נתוני המשתמשים האלה משותפים? יש לבחור בכל האפשרויות הרלוונטיות. / התאמה אישית
PSL_DATA_USAGE_RESPONSES:PSL_APPROX_LOCATION:DATA_USAGE_SHARING_PURPOSE,PSL_ACCOUNT_MANAGEMENT,,MULTIPLE_CHOICE,שימוש בנתונים וטיפול בהם (מיקום משוער) / למה נתוני המשתמשים האלה משותפים? יש לבחור בכל האפשרויות הרלוונטיות. / ניהול החשבון
PSL_DATA_USAGE_RESPONSES:PSL_PRECISE_LOCATION:PSL_DATA_USAGE_COLLECTION_AND_SHARING,PSL_DATA_USAGE_ONLY_COLLECTED,true,MULTIPLE_CHOICE,"שימוש בנתונים וטיפול בהם (מיקום מדויק) / האם הנתונים האלה נאספים, משותפים או שניהם? / נאספים"
PSL_DATA_USAGE_RESPONSES:PSL_PRECISE_LOCATION:PSL_DATA_USAGE_COLLECTION_AND_SHARING,PSL_DATA_USAGE_ONLY_SHARED,,MULTIPLE_CHOICE,"שימוש בנתונים וטיפול בהם (מיקום מדויק) / האם הנתונים האלה נאספים, משותפים או שניהם? / משותפים"
PSL_DATA_USAGE_RESPONSES:PSL_PRECISE_LOCATION:PSL_DATA_USAGE_EPHEMERAL,,false,MAYBE_REQUIRED,שימוש בנתונים וטיפול בהם (מיקום מדויק) / האם הנתונים האלה מעובדים באופן זמני?
PSL_DATA_USAGE_RESPONSES:PSL_PRECISE_LOCATION:DATA_USAGE_USER_CONTROL,PSL_DATA_USAGE_USER_CONTROL_OPTIONAL,true,SINGLE_CHOICE,שימוש בנתונים וטיפול בהם (מיקום מדויק) / האם הנתונים האלה נדרשים באפליקציה שלך או שהמשתמשים יכולים לבחור אם הם יאספו? / המשתמשים יכולים לבחור אם הנתונים האלה ייאספו
PSL_DATA_USAGE_RESPONSES:PSL_PRECISE_LOCATION:DATA_USAGE_USER_CONTROL,PSL_DATA_USAGE_USER_CONTROL_REQUIRED,,SINGLE_CHOICE,שימוש בנתונים וטיפול בהם (מיקום מדויק) / האם הנתונים האלה נדרשים באפליקציה שלך או שהמשתמשים יכולים לבחור אם הם יאספו? / איסוף הנתונים נדרש (המשתמשים לא יכולים להשבית את איסוף הנתונים)
PSL_DATA_USAGE_RESPONSES:PSL_PRECISE_LOCATION:DATA_USAGE_COLLECTION_PURPOSE,PSL_APP_FUNCTIONALITY,true,MULTIPLE_CHOICE,שימוש בנתונים וטיפול בהם (מיקום מדויק) / למה נתוני המשתמשים האלה נאספים? יש לבחור בכל האפשרויות הרלוונטיות. / תכונות האפליקציה
PSL_DATA_USAGE_RESPONSES:PSL_PRECISE_LOCATION:DATA_USAGE_COLLECTION_PURPOSE,PSL_ANALYTICS,,MULTIPLE_CHOICE,שימוש בנתונים וטיפול בהם (מיקום מדויק) / למה נתוני המשתמשים האלה נאספים? יש לבחור בכל האפשרויות הרלוונטיות. / Analytics
PSL_DATA_USAGE_RESPONSES:PSL_PRECISE_LOCATION:DATA_USAGE_COLLECTION_PURPOSE,PSL_DEVELOPER_COMMUNICATIONS,,MULTIPLE_CHOICE,שימוש בנתונים וטיפול בהם (מיקום מדויק) / למה נתוני המשתמשים האלה נאספים? יש לבחור בכל האפשרויות הרלוונטיות. / הודעות מהמפתחים
PSL_DATA_USAGE_RESPONSES:PSL_PRECISE_LOCATION:DATA_USAGE_COLLECTION_PURPOSE,PSL_FRAUD_PREVENTION_SECURITY,,MULTIPLE_CHOICE,"שימוש בנתונים וטיפול בהם (מיקום מדויק) / למה נתוני המשתמשים האלה נאספים? יש לבחור בכל האפשרויות הרלוונטיות. / מניעת הונאות, אבטחה ותאימות"
PSL_DATA_USAGE_RESPONSES:PSL_PRECISE_LOCATION:DATA_USAGE_COLLECTION_PURPOSE,PSL_ADVERTISING,,MULTIPLE_CHOICE,שימוש בנתונים וטיפול בהם (מיקום מדויק) / למה נתוני המשתמשים האלה נאספים? יש לבחור בכל האפשרויות הרלוונטיות. / פרסום או שיווק
PSL_DATA_USAGE_RESPONSES:PSL_PRECISE_LOCATION:DATA_USAGE_COLLECTION_PURPOSE,PSL_PERSONALIZATION,true,MULTIPLE_CHOICE,שימוש בנתונים וטיפול בהם (מיקום מדויק) / למה נתוני המשתמשים האלה נאספים? יש לבחור בכל האפשרויות הרלוונטיות. / התאמה אישית
PSL_DATA_USAGE_RESPONSES:PSL_PRECISE_LOCATION:DATA_USAGE_COLLECTION_PURPOSE,PSL_ACCOUNT_MANAGEMENT,,MULTIPLE_CHOICE,שימוש בנתונים וטיפול בהם (מיקום מדויק) / למה נתוני המשתמשים האלה נאספים? יש לבחור בכל האפשרויות הרלוונטיות. / ניהול החשבון
PSL_DATA_USAGE_RESPONSES:PSL_PRECISE_LOCATION:DATA_USAGE_SHARING_PURPOSE,PSL_APP_FUNCTIONALITY,,MULTIPLE_CHOICE,שימוש בנתונים וטיפול בהם (מיקום מדויק) / למה נתוני המשתמשים האלה משותפים? יש לבחור בכל האפשרויות הרלוונטיות. / תכונות האפליקציה
PSL_DATA_USAGE_RESPONSES:PSL_PRECISE_LOCATION:DATA_USAGE_SHARING_PURPOSE,PSL_ANALYTICS,,MULTIPLE_CHOICE,שימוש בנתונים וטיפול בהם (מיקום מדויק) / למה נתוני המשתמשים האלה משותפים? יש לבחור בכל האפשרויות הרלוונטיות. / Analytics
PSL_DATA_USAGE_RESPONSES:PSL_PRECISE_LOCATION:DATA_USAGE_SHARING_PURPOSE,PSL_DEVELOPER_COMMUNICATIONS,,MULTIPLE_CHOICE,שימוש בנתונים וטיפול בהם (מיקום מדויק) / למה נתוני המשתמשים האלה משותפים? יש לבחור בכל האפשרויות הרלוונטיות. / הודעות מהמפתחים
PSL_DATA_USAGE_RESPONSES:PSL_PRECISE_LOCATION:DATA_USAGE_SHARING_PURPOSE,PSL_FRAUD_PREVENTION_SECURITY,,MULTIPLE_CHOICE,"שימוש בנתונים וטיפול בהם (מיקום מדויק) / למה נתוני המשתמשים האלה משותפים? יש לבחור בכל האפשרויות הרלוונטיות. / מניעת הונאות, אבטחה ותאימות"
PSL_DATA_USAGE_RESPONSES:PSL_PRECISE_LOCATION:DATA_USAGE_SHARING_PURPOSE,PSL_ADVERTISING,,MULTIPLE_CHOICE,שימוש בנתונים וטיפול בהם (מיקום מדויק) / למה נתוני המשתמשים האלה משותפים? יש לבחור בכל האפשרויות הרלוונטיות. / פרסום או שיווק
PSL_DATA_USAGE_RESPONSES:PSL_PRECISE_LOCATION:DATA_USAGE_SHARING_PURPOSE,PSL_PERSONALIZATION,,MULTIPLE_CHOICE,שימוש בנתונים וטיפול בהם (מיקום מדויק) / למה נתוני המשתמשים האלה משותפים? יש לבחור בכל האפשרויות הרלוונטיות. / התאמה אישית
PSL_DATA_USAGE_RESPONSES:PSL_PRECISE_LOCATION:DATA_USAGE_SHARING_PURPOSE,PSL_ACCOUNT_MANAGEMENT,,MULTIPLE_CHOICE,שימוש בנתונים וטיפול בהם (מיקום מדויק) / למה נתוני המשתמשים האלה משותפים? יש לבחור בכל האפשרויות הרלוונטיות. / ניהול החשבון
PSL_DATA_USAGE_RESPONSES:PSL_WEB_BROWSING_HISTORY:PSL_DATA_USAGE_COLLECTION_AND_SHARING,PSL_DATA_USAGE_ONLY_COLLECTED,,MULTIPLE_CHOICE,"שימוש בנתונים וטיפול בהם (היסטוריית הגלישה באינטרנט) / האם הנתונים האלה נאספים, משותפים או שניהם? / נאספים"
PSL_DATA_USAGE_RESPONSES:PSL_WEB_BROWSING_HISTORY:PSL_DATA_USAGE_COLLECTION_AND_SHARING,PSL_DATA_USAGE_ONLY_SHARED,,MULTIPLE_CHOICE,"שימוש בנתונים וטיפול בהם (היסטוריית הגלישה באינטרנט) / האם הנתונים האלה נאספים, משותפים או שניהם? / משותפים"
PSL_DATA_USAGE_RESPONSES:PSL_WEB_BROWSING_HISTORY:PSL_DATA_USAGE_EPHEMERAL,,,MAYBE_REQUIRED,שימוש בנתונים וטיפול בהם (היסטוריית הגלישה באינטרנט) / האם הנתונים האלה מעובדים באופן זמני?
PSL_DATA_USAGE_RESPONSES:PSL_WEB_BROWSING_HISTORY:DATA_USAGE_USER_CONTROL,PSL_DATA_USAGE_USER_CONTROL_OPTIONAL,,SINGLE_CHOICE,שימוש בנתונים וטיפול בהם (היסטוריית הגלישה באינטרנט) / האם הנתונים האלה נדרשים באפליקציה שלך או שהמשתמשים יכולים לבחור אם הם יאספו? / המשתמשים יכולים לבחור אם הנתונים האלה ייאספו
PSL_DATA_USAGE_RESPONSES:PSL_WEB_BROWSING_HISTORY:DATA_USAGE_USER_CONTROL,PSL_DATA_USAGE_USER_CONTROL_REQUIRED,,SINGLE_CHOICE,שימוש בנתונים וטיפול בהם (היסטוריית הגלישה באינטרנט) / האם הנתונים האלה נדרשים באפליקציה שלך או שהמשתמשים יכולים לבחור אם הם יאספו? / איסוף הנתונים נדרש (המשתמשים לא יכולים להשבית את איסוף הנתונים)
PSL_DATA_USAGE_RESPONSES:PSL_WEB_BROWSING_HISTORY:DATA_USAGE_COLLECTION_PURPOSE,PSL_APP_FUNCTIONALITY,,MULTIPLE_CHOICE,שימוש בנתונים וטיפול בהם (היסטוריית הגלישה באינטרנט) / למה נתוני המשתמשים האלה נאספים? יש לבחור בכל האפשרויות הרלוונטיות. / תכונות האפליקציה
PSL_DATA_USAGE_RESPONSES:PSL_WEB_BROWSING_HISTORY:DATA_USAGE_COLLECTION_PURPOSE,PSL_ANALYTICS,,MULTIPLE_CHOICE,שימוש בנתונים וטיפול בהם (היסטוריית הגלישה באינטרנט) / למה נתוני המשתמשים האלה נאספים? יש לבחור בכל האפשרויות הרלוונטיות. / Analytics
PSL_DATA_USAGE_RESPONSES:PSL_WEB_BROWSING_HISTORY:DATA_USAGE_COLLECTION_PURPOSE,PSL_DEVELOPER_COMMUNICATIONS,,MULTIPLE_CHOICE,שימוש בנתונים וטיפול בהם (היסטוריית הגלישה באינטרנט) / למה נתוני המשתמשים האלה נאספים? יש לבחור בכל האפשרויות הרלוונטיות. / הודעות מהמפתחים
PSL_DATA_USAGE_RESPONSES:PSL_WEB_BROWSING_HISTORY:DATA_USAGE_COLLECTION_PURPOSE,PSL_FRAUD_PREVENTION_SECURITY,,MULTIPLE_CHOICE,"שימוש בנתונים וטיפול בהם (היסטוריית הגלישה באינטרנט) / למה נתוני המשתמשים האלה נאספים? יש לבחור בכל האפשרויות הרלוונטיות. / מניעת הונאות, אבטחה ותאימות"
PSL_DATA_USAGE_RESPONSES:PSL_WEB_BROWSING_HISTORY:DATA_USAGE_COLLECTION_PURPOSE,PSL_ADVERTISING,,MULTIPLE_CHOICE,שימוש בנתונים וטיפול בהם (היסטוריית הגלישה באינטרנט) / למה נתוני המשתמשים האלה נאספים? יש לבחור בכל האפשרויות הרלוונטיות. / פרסום או שיווק
PSL_DATA_USAGE_RESPONSES:PSL_WEB_BROWSING_HISTORY:DATA_USAGE_COLLECTION_PURPOSE,PSL_PERSONALIZATION,,MULTIPLE_CHOICE,שימוש בנתונים וטיפול בהם (היסטוריית הגלישה באינטרנט) / למה נתוני המשתמשים האלה נאספים? יש לבחור בכל האפשרויות הרלוונטיות. / התאמה אישית
PSL_DATA_USAGE_RESPONSES:PSL_WEB_BROWSING_HISTORY:DATA_USAGE_COLLECTION_PURPOSE,PSL_ACCOUNT_MANAGEMENT,,MULTIPLE_CHOICE,שימוש בנתונים וטיפול בהם (היסטוריית הגלישה באינטרנט) / למה נתוני המשתמשים האלה נאספים? יש לבחור בכל האפשרויות הרלוונטיות. / ניהול החשבון
PSL_DATA_USAGE_RESPONSES:PSL_WEB_BROWSING_HISTORY:DATA_USAGE_SHARING_PURPOSE,PSL_APP_FUNCTIONALITY,,MULTIPLE_CHOICE,שימוש בנתונים וטיפול בהם (היסטוריית הגלישה באינטרנט) / למה נתוני המשתמשים האלה משותפים? יש לבחור בכל האפשרויות הרלוונטיות. / תכונות האפליקציה
PSL_DATA_USAGE_RESPONSES:PSL_WEB_BROWSING_HISTORY:DATA_USAGE_SHARING_PURPOSE,PSL_ANALYTICS,,MULTIPLE_CHOICE,שימוש בנתונים וטיפול בהם (היסטוריית הגלישה באינטרנט) / למה נתוני המשתמשים האלה משותפים? יש לבחור בכל האפשרויות הרלוונטיות. / Analytics
PSL_DATA_USAGE_RESPONSES:PSL_WEB_BROWSING_HISTORY:DATA_USAGE_SHARING_PURPOSE,PSL_DEVELOPER_COMMUNICATIONS,,MULTIPLE_CHOICE,שימוש בנתונים וטיפול בהם (היסטוריית הגלישה באינטרנט) / למה נתוני המשתמשים האלה משותפים? יש לבחור בכל האפשרויות הרלוונטיות. / הודעות מהמפתחים
PSL_DATA_USAGE_RESPONSES:PSL_WEB_BROWSING_HISTORY:DATA_USAGE_SHARING_PURPOSE,PSL_FRAUD_PREVENTION_SECURITY,,MULTIPLE_CHOICE,"שימוש בנתונים וטיפול בהם (היסטוריית הגלישה באינטרנט) / למה נתוני המשתמשים האלה משותפים? יש לבחור בכל האפשרויות הרלוונטיות. / מניעת הונאות, אבטחה ותאימות"
PSL_DATA_USAGE_RESPONSES:PSL_WEB_BROWSING_HISTORY:DATA_USAGE_SHARING_PURPOSE,PSL_ADVERTISING,,MULTIPLE_CHOICE,שימוש בנתונים וטיפול בהם (היסטוריית הגלישה באינטרנט) / למה נתוני המשתמשים האלה משותפים? יש לבחור בכל האפשרויות הרלוונטיות. / פרסום או שיווק
PSL_DATA_USAGE_RESPONSES:PSL_WEB_BROWSING_HISTORY:DATA_USAGE_SHARING_PURPOSE,PSL_PERSONALIZATION,,MULTIPLE_CHOICE,שימוש בנתונים וטיפול בהם (היסטוריית הגלישה באינטרנט) / למה נתוני המשתמשים האלה משותפים? יש לבחור בכל האפשרויות הרלוונטיות. / התאמה אישית
PSL_DATA_USAGE_RESPONSES:PSL_WEB_BROWSING_HISTORY:DATA_USAGE_SHARING_PURPOSE,PSL_ACCOUNT_MANAGEMENT,,MULTIPLE_CHOICE,שימוש בנתונים וטיפול בהם (היסטוריית הגלישה באינטרנט) / למה נתוני המשתמשים האלה משותפים? יש לבחור בכל האפשרויות הרלוונטיות. / ניהול החשבון
PSL_DATA_USAGE_RESPONSES:PSL_EMAILS:PSL_DATA_USAGE_COLLECTION_AND_SHARING,PSL_DATA_USAGE_ONLY_COLLECTED,,MULTIPLE_CHOICE,"שימוש בנתונים וטיפול בהם (כתובות אימייל) / האם הנתונים האלה נאספים, משותפים או שניהם? / נאספים"
PSL_DATA_USAGE_RESPONSES:PSL_EMAILS:PSL_DATA_USAGE_COLLECTION_AND_SHARING,PSL_DATA_USAGE_ONLY_SHARED,,MULTIPLE_CHOICE,"שימוש בנתונים וטיפול בהם (כתובות אימייל) / האם הנתונים האלה נאספים, משותפים או שניהם? / משותפים"
PSL_DATA_USAGE_RESPONSES:PSL_EMAILS:PSL_DATA_USAGE_EPHEMERAL,,,MAYBE_REQUIRED,שימוש בנתונים וטיפול בהם (כתובות אימייל) / האם הנתונים האלה מעובדים באופן זמני?
PSL_DATA_USAGE_RESPONSES:PSL_EMAILS:DATA_USAGE_USER_CONTROL,PSL_DATA_USAGE_USER_CONTROL_OPTIONAL,,SINGLE_CHOICE,שימוש בנתונים וטיפול בהם (כתובות אימייל) / האם הנתונים האלה נדרשים באפליקציה שלך או שהמשתמשים יכולים לבחור אם הם יאספו? / המשתמשים יכולים לבחור אם הנתונים האלה ייאספו
PSL_DATA_USAGE_RESPONSES:PSL_EMAILS:DATA_USAGE_USER_CONTROL,PSL_DATA_USAGE_USER_CONTROL_REQUIRED,,SINGLE_CHOICE,שימוש בנתונים וטיפול בהם (כתובות אימייל) / האם הנתונים האלה נדרשים באפליקציה שלך או שהמשתמשים יכולים לבחור אם הם יאספו? / איסוף הנתונים נדרש (המשתמשים לא יכולים להשבית את איסוף הנתונים)
PSL_DATA_USAGE_RESPONSES:PSL_EMAILS:DATA_USAGE_COLLECTION_PURPOSE,PSL_APP_FUNCTIONALITY,,MULTIPLE_CHOICE,שימוש בנתונים וטיפול בהם (כתובות אימייל) / למה נתוני המשתמשים האלה נאספים? יש לבחור בכל האפשרויות הרלוונטיות. / תכונות האפליקציה
PSL_DATA_USAGE_RESPONSES:PSL_EMAILS:DATA_USAGE_COLLECTION_PURPOSE,PSL_ANALYTICS,,MULTIPLE_CHOICE,שימוש בנתונים וטיפול בהם (כתובות אימייל) / למה נתוני המשתמשים האלה נאספים? יש לבחור בכל האפשרויות הרלוונטיות. / Analytics
PSL_DATA_USAGE_RESPONSES:PSL_EMAILS:DATA_USAGE_COLLECTION_PURPOSE,PSL_DEVELOPER_COMMUNICATIONS,,MULTIPLE_CHOICE,שימוש בנתונים וטיפול בהם (כתובות אימייל) / למה נתוני המשתמשים האלה נאספים? יש לבחור בכל האפשרויות הרלוונטיות. / הודעות מהמפתחים
PSL_DATA_USAGE_RESPONSES:PSL_EMAILS:DATA_USAGE_COLLECTION_PURPOSE,PSL_FRAUD_PREVENTION_SECURITY,,MULTIPLE_CHOICE,"שימוש בנתונים וטיפול בהם (כתובות אימייל) / למה נתוני המשתמשים האלה נאספים? יש לבחור בכל האפשרויות הרלוונטיות. / מניעת הונאות, אבטחה ותאימות"
PSL_DATA_USAGE_RESPONSES:PSL_EMAILS:DATA_USAGE_COLLECTION_PURPOSE,PSL_ADVERTISING,,MULTIPLE_CHOICE,שימוש בנתונים וטיפול בהם (כתובות אימייל) / למה נתוני המשתמשים האלה נאספים? יש לבחור בכל האפשרויות הרלוונטיות. / פרסום או שיווק
PSL_DATA_USAGE_RESPONSES:PSL_EMAILS:DATA_USAGE_COLLECTION_PURPOSE,PSL_PERSONALIZATION,,MULTIPLE_CHOICE,שימוש בנתונים וטיפול בהם (כתובות אימייל) / למה נתוני המשתמשים האלה נאספים? יש לבחור בכל האפשרויות הרלוונטיות. / התאמה אישית
PSL_DATA_USAGE_RESPONSES:PSL_EMAILS:DATA_USAGE_COLLECTION_PURPOSE,PSL_ACCOUNT_MANAGEMENT,,MULTIPLE_CHOICE,שימוש בנתונים וטיפול בהם (כתובות אימייל) / למה נתוני המשתמשים האלה נאספים? יש לבחור בכל האפשרויות הרלוונטיות. / ניהול החשבון
PSL_DATA_USAGE_RESPONSES:PSL_EMAILS:DATA_USAGE_SHARING_PURPOSE,PSL_APP_FUNCTIONALITY,,MULTIPLE_CHOICE,שימוש בנתונים וטיפול בהם (כתובות אימייל) / למה נתוני המשתמשים האלה משותפים? יש לבחור בכל האפשרויות הרלוונטיות. / תכונות האפליקציה
PSL_DATA_USAGE_RESPONSES:PSL_EMAILS:DATA_USAGE_SHARING_PURPOSE,PSL_ANALYTICS,,MULTIPLE_CHOICE,שימוש בנתונים וטיפול בהם (כתובות אימייל) / למה נתוני המשתמשים האלה משותפים? יש לבחור בכל האפשרויות הרלוונטיות. / Analytics
PSL_DATA_USAGE_RESPONSES:PSL_EMAILS:DATA_USAGE_SHARING_PURPOSE,PSL_DEVELOPER_COMMUNICATIONS,,MULTIPLE_CHOICE,שימוש בנתונים וטיפול בהם (כתובות אימייל) / למה נתוני המשתמשים האלה משותפים? יש לבחור בכל האפשרויות הרלוונטיות. / הודעות מהמפתחים
PSL_DATA_USAGE_RESPONSES:PSL_EMAILS:DATA_USAGE_SHARING_PURPOSE,PSL_FRAUD_PREVENTION_SECURITY,,MULTIPLE_CHOICE,"שימוש בנתונים וטיפול בהם (כתובות אימייל) / למה נתוני המשתמשים האלה משותפים? יש לבחור בכל האפשרויות הרלוונטיות. / מניעת הונאות, אבטחה ותאימות"
PSL_DATA_USAGE_RESPONSES:PSL_EMAILS:DATA_USAGE_SHARING_PURPOSE,PSL_ADVERTISING,,MULTIPLE_CHOICE,שימוש בנתונים וטיפול בהם (כתובות אימייל) / למה נתוני המשתמשים האלה משותפים? יש לבחור בכל האפשרויות הרלוונטיות. / פרסום או שיווק
PSL_DATA_USAGE_RESPONSES:PSL_EMAILS:DATA_USAGE_SHARING_PURPOSE,PSL_PERSONALIZATION,,MULTIPLE_CHOICE,שימוש בנתונים וטיפול בהם (כתובות אימייל) / למה נתוני המשתמשים האלה משותפים? יש לבחור בכל האפשרויות הרלוונטיות. / התאמה אישית
PSL_DATA_USAGE_RESPONSES:PSL_EMAILS:DATA_USAGE_SHARING_PURPOSE,PSL_ACCOUNT_MANAGEMENT,,MULTIPLE_CHOICE,שימוש בנתונים וטיפול בהם (כתובות אימייל) / למה נתוני המשתמשים האלה משותפים? יש לבחור בכל האפשרויות הרלוונטיות. / ניהול החשבון
PSL_DATA_USAGE_RESPONSES:PSL_SMS_CALL_LOG:PSL_DATA_USAGE_COLLECTION_AND_SHARING,PSL_DATA_USAGE_ONLY_COLLECTED,,MULTIPLE_CHOICE,"שימוש בנתונים וטיפול בהם (SMS או MMS) / האם הנתונים האלה נאספים, משותפים או שניהם? / נאספים"
PSL_DATA_USAGE_RESPONSES:PSL_SMS_CALL_LOG:PSL_DATA_USAGE_COLLECTION_AND_SHARING,PSL_DATA_USAGE_ONLY_SHARED,,MULTIPLE_CHOICE,"שימוש בנתונים וטיפול בהם (SMS או MMS) / האם הנתונים האלה נאספים, משותפים או שניהם? / משותפים"
PSL_DATA_USAGE_RESPONSES:PSL_SMS_CALL_LOG:PSL_DATA_USAGE_EPHEMERAL,,,MAYBE_REQUIRED,שימוש בנתונים וטיפול בהם (SMS או MMS) / האם הנתונים האלה מעובדים באופן זמני?
PSL_DATA_USAGE_RESPONSES:PSL_SMS_CALL_LOG:DATA_USAGE_USER_CONTROL,PSL_DATA_USAGE_USER_CONTROL_OPTIONAL,,SINGLE_CHOICE,שימוש בנתונים וטיפול בהם (SMS או MMS) / האם הנתונים האלה נדרשים באפליקציה שלך או שהמשתמשים יכולים לבחור אם הם יאספו? / המשתמשים יכולים לבחור אם הנתונים האלה ייאספו
PSL_DATA_USAGE_RESPONSES:PSL_SMS_CALL_LOG:DATA_USAGE_USER_CONTROL,PSL_DATA_USAGE_USER_CONTROL_REQUIRED,,SINGLE_CHOICE,שימוש בנתונים וטיפול בהם (SMS או MMS) / האם הנתונים האלה נדרשים באפליקציה שלך או שהמשתמשים יכולים לבחור אם הם יאספו? / איסוף הנתונים נדרש (המשתמשים לא יכולים להשבית את איסוף הנתונים)
PSL_DATA_USAGE_RESPONSES:PSL_SMS_CALL_LOG:DATA_USAGE_COLLECTION_PURPOSE,PSL_APP_FUNCTIONALITY,,MULTIPLE_CHOICE,שימוש בנתונים וטיפול בהם (SMS או MMS) / למה נתוני המשתמשים האלה נאספים? יש לבחור בכל האפשרויות הרלוונטיות. / תכונות האפליקציה
PSL_DATA_USAGE_RESPONSES:PSL_SMS_CALL_LOG:DATA_USAGE_COLLECTION_PURPOSE,PSL_ANALYTICS,,MULTIPLE_CHOICE,שימוש בנתונים וטיפול בהם (SMS או MMS) / למה נתוני המשתמשים האלה נאספים? יש לבחור בכל האפשרויות הרלוונטיות. / Analytics
PSL_DATA_USAGE_RESPONSES:PSL_SMS_CALL_LOG:DATA_USAGE_COLLECTION_PURPOSE,PSL_DEVELOPER_COMMUNICATIONS,,MULTIPLE_CHOICE,שימוש בנתונים וטיפול בהם (SMS או MMS) / למה נתוני המשתמשים האלה נאספים? יש לבחור בכל האפשרויות הרלוונטיות. / הודעות מהמפתחים
PSL_DATA_USAGE_RESPONSES:PSL_SMS_CALL_LOG:DATA_USAGE_COLLECTION_PURPOSE,PSL_FRAUD_PREVENTION_SECURITY,,MULTIPLE_CHOICE,"שימוש בנתונים וטיפול בהם (SMS או MMS) / למה נתוני המשתמשים האלה נאספים? יש לבחור בכל האפשרויות הרלוונטיות. / מניעת הונאות, אבטחה ותאימות"
PSL_DATA_USAGE_RESPONSES:PSL_SMS_CALL_LOG:DATA_USAGE_COLLECTION_PURPOSE,PSL_ADVERTISING,,MULTIPLE_CHOICE,שימוש בנתונים וטיפול בהם (SMS או MMS) / למה נתוני המשתמשים האלה נאספים? יש לבחור בכל האפשרויות הרלוונטיות. / פרסום או שיווק
PSL_DATA_USAGE_RESPONSES:PSL_SMS_CALL_LOG:DATA_USAGE_COLLECTION_PURPOSE,PSL_PERSONALIZATION,,MULTIPLE_CHOICE,שימוש בנתונים וטיפול בהם (SMS או MMS) / למה נתוני המשתמשים האלה נאספים? יש לבחור בכל האפשרויות הרלוונטיות. / התאמה אישית
PSL_DATA_USAGE_RESPONSES:PSL_SMS_CALL_LOG:DATA_USAGE_COLLECTION_PURPOSE,PSL_ACCOUNT_MANAGEMENT,,MULTIPLE_CHOICE,שימוש בנתונים וטיפול בהם (SMS או MMS) / למה נתוני המשתמשים האלה נאספים? יש לבחור בכל האפשרויות הרלוונטיות. / ניהול החשבון
PSL_DATA_USAGE_RESPONSES:PSL_SMS_CALL_LOG:DATA_USAGE_SHARING_PURPOSE,PSL_APP_FUNCTIONALITY,,MULTIPLE_CHOICE,שימוש בנתונים וטיפול בהם (SMS או MMS) / למה נתוני המשתמשים האלה משותפים? יש לבחור בכל האפשרויות הרלוונטיות. / תכונות האפליקציה
PSL_DATA_USAGE_RESPONSES:PSL_SMS_CALL_LOG:DATA_USAGE_SHARING_PURPOSE,PSL_ANALYTICS,,MULTIPLE_CHOICE,שימוש בנתונים וטיפול בהם (SMS או MMS) / למה נתוני המשתמשים האלה משותפים? יש לבחור בכל האפשרויות הרלוונטיות. / Analytics
PSL_DATA_USAGE_RESPONSES:PSL_SMS_CALL_LOG:DATA_USAGE_SHARING_PURPOSE,PSL_DEVELOPER_COMMUNICATIONS,,MULTIPLE_CHOICE,שימוש בנתונים וטיפול בהם (SMS או MMS) / למה נתוני המשתמשים האלה משותפים? יש לבחור בכל האפשרויות הרלוונטיות. / הודעות מהמפתחים
PSL_DATA_USAGE_RESPONSES:PSL_SMS_CALL_LOG:DATA_USAGE_SHARING_PURPOSE,PSL_FRAUD_PREVENTION_SECURITY,,MULTIPLE_CHOICE,"שימוש בנתונים וטיפול בהם (SMS או MMS) / למה נתוני המשתמשים האלה משותפים? יש לבחור בכל האפשרויות הרלוונטיות. / מניעת הונאות, אבטחה ותאימות"
PSL_DATA_USAGE_RESPONSES:PSL_SMS_CALL_LOG:DATA_USAGE_SHARING_PURPOSE,PSL_ADVERTISING,,MULTIPLE_CHOICE,שימוש בנתונים וטיפול בהם (SMS או MMS) / למה נתוני המשתמשים האלה משותפים? יש לבחור בכל האפשרויות הרלוונטיות. / פרסום או שיווק
PSL_DATA_USAGE_RESPONSES:PSL_SMS_CALL_LOG:DATA_USAGE_SHARING_PURPOSE,PSL_PERSONALIZATION,,MULTIPLE_CHOICE,שימוש בנתונים וטיפול בהם (SMS או MMS) / למה נתוני המשתמשים האלה משותפים? יש לבחור בכל האפשרויות הרלוונטיות. / התאמה אישית
PSL_DATA_USAGE_RESPONSES:PSL_SMS_CALL_LOG:DATA_USAGE_SHARING_PURPOSE,PSL_ACCOUNT_MANAGEMENT,,MULTIPLE_CHOICE,שימוש בנתונים וטיפול בהם (SMS או MMS) / למה נתוני המשתמשים האלה משותפים? יש לבחור בכל האפשרויות הרלוונטיות. / ניהול החשבון
PSL_DATA_USAGE_RESPONSES:PSL_OTHER_MESSAGES:PSL_DATA_USAGE_COLLECTION_AND_SHARING,PSL_DATA_USAGE_ONLY_COLLECTED,true,MULTIPLE_CHOICE,"שימוש בנתונים וטיפול בהם (הודעות אחרות בתוך האפליקציה) / האם הנתונים האלה נאספים, משותפים או שניהם? / נאספים"
PSL_DATA_USAGE_RESPONSES:PSL_OTHER_MESSAGES:PSL_DATA_USAGE_COLLECTION_AND_SHARING,PSL_DATA_USAGE_ONLY_SHARED,,MULTIPLE_CHOICE,"שימוש בנתונים וטיפול בהם (הודעות אחרות בתוך האפליקציה) / האם הנתונים האלה נאספים, משותפים או שניהם? / משותפים"
PSL_DATA_USAGE_RESPONSES:PSL_OTHER_MESSAGES:PSL_DATA_USAGE_EPHEMERAL,,false,MAYBE_REQUIRED,שימוש בנתונים וטיפול בהם (הודעות אחרות בתוך האפליקציה) / האם הנתונים האלה מעובדים באופן זמני?
PSL_DATA_USAGE_RESPONSES:PSL_OTHER_MESSAGES:DATA_USAGE_USER_CONTROL,PSL_DATA_USAGE_USER_CONTROL_OPTIONAL,true,SINGLE_CHOICE,שימוש בנתונים וטיפול בהם (הודעות אחרות בתוך האפליקציה) / האם הנתונים האלה נדרשים באפליקציה שלך או שהמשתמשים יכולים לבחור אם הם יאספו? / המשתמשים יכולים לבחור אם הנתונים האלה ייאספו
PSL_DATA_USAGE_RESPONSES:PSL_OTHER_MESSAGES:DATA_USAGE_USER_CONTROL,PSL_DATA_USAGE_USER_CONTROL_REQUIRED,,SINGLE_CHOICE,שימוש בנתונים וטיפול בהם (הודעות אחרות בתוך האפליקציה) / האם הנתונים האלה נדרשים באפליקציה שלך או שהמשתמשים יכולים לבחור אם הם יאספו? / איסוף הנתונים נדרש (המשתמשים לא יכולים להשבית את איסוף הנתונים)
PSL_DATA_USAGE_RESPONSES:PSL_OTHER_MESSAGES:DATA_USAGE_COLLECTION_PURPOSE,PSL_APP_FUNCTIONALITY,true,MULTIPLE_CHOICE,שימוש בנתונים וטיפול בהם (הודעות אחרות בתוך האפליקציה) / למה נתוני המשתמשים האלה נאספים? יש לבחור בכל האפשרויות הרלוונטיות. / תכונות האפליקציה
PSL_DATA_USAGE_RESPONSES:PSL_OTHER_MESSAGES:DATA_USAGE_COLLECTION_PURPOSE,PSL_ANALYTICS,,MULTIPLE_CHOICE,שימוש בנתונים וטיפול בהם (הודעות אחרות בתוך האפליקציה) / למה נתוני המשתמשים האלה נאספים? יש לבחור בכל האפשרויות הרלוונטיות. / Analytics
PSL_DATA_USAGE_RESPONSES:PSL_OTHER_MESSAGES:DATA_USAGE_COLLECTION_PURPOSE,PSL_DEVELOPER_COMMUNICATIONS,,MULTIPLE_CHOICE,שימוש בנתונים וטיפול בהם (הודעות אחרות בתוך האפליקציה) / למה נתוני המשתמשים האלה נאספים? יש לבחור בכל האפשרויות הרלוונטיות. / הודעות מהמפתחים
PSL_DATA_USAGE_RESPONSES:PSL_OTHER_MESSAGES:DATA_USAGE_COLLECTION_PURPOSE,PSL_FRAUD_PREVENTION_SECURITY,true,MULTIPLE_CHOICE,"שימוש בנתונים וטיפול בהם (הודעות אחרות בתוך האפליקציה) / למה נתוני המשתמשים האלה נאספים? יש לבחור בכל האפשרויות הרלוונטיות. / מניעת הונאות, אבטחה ותאימות"
PSL_DATA_USAGE_RESPONSES:PSL_OTHER_MESSAGES:DATA_USAGE_COLLECTION_PURPOSE,PSL_ADVERTISING,,MULTIPLE_CHOICE,שימוש בנתונים וטיפול בהם (הודעות אחרות בתוך האפליקציה) / למה נתוני המשתמשים האלה נאספים? יש לבחור בכל האפשרויות הרלוונטיות. / פרסום או שיווק
PSL_DATA_USAGE_RESPONSES:PSL_OTHER_MESSAGES:DATA_USAGE_COLLECTION_PURPOSE,PSL_PERSONALIZATION,,MULTIPLE_CHOICE,שימוש בנתונים וטיפול בהם (הודעות אחרות בתוך האפליקציה) / למה נתוני המשתמשים האלה נאספים? יש לבחור בכל האפשרויות הרלוונטיות. / התאמה אישית
PSL_DATA_USAGE_RESPONSES:PSL_OTHER_MESSAGES:DATA_USAGE_COLLECTION_PURPOSE,PSL_ACCOUNT_MANAGEMENT,,MULTIPLE_CHOICE,שימוש בנתונים וטיפול בהם (הודעות אחרות בתוך האפליקציה) / למה נתוני המשתמשים האלה נאספים? יש לבחור בכל האפשרויות הרלוונטיות. / ניהול החשבון
PSL_DATA_USAGE_RESPONSES:PSL_OTHER_MESSAGES:DATA_USAGE_SHARING_PURPOSE,PSL_APP_FUNCTIONALITY,,MULTIPLE_CHOICE,שימוש בנתונים וטיפול בהם (הודעות אחרות בתוך האפליקציה) / למה נתוני המשתמשים האלה משותפים? יש לבחור בכל האפשרויות הרלוונטיות. / תכונות האפליקציה
PSL_DATA_USAGE_RESPONSES:PSL_OTHER_MESSAGES:DATA_USAGE_SHARING_PURPOSE,PSL_ANALYTICS,,MULTIPLE_CHOICE,שימוש בנתונים וטיפול בהם (הודעות אחרות בתוך האפליקציה) / למה נתוני המשתמשים האלה משותפים? יש לבחור בכל האפשרויות הרלוונטיות. / Analytics
PSL_DATA_USAGE_RESPONSES:PSL_OTHER_MESSAGES:DATA_USAGE_SHARING_PURPOSE,PSL_DEVELOPER_COMMUNICATIONS,,MULTIPLE_CHOICE,שימוש בנתונים וטיפול בהם (הודעות אחרות בתוך האפליקציה) / למה נתוני המשתמשים האלה משותפים? יש לבחור בכל האפשרויות הרלוונטיות. / הודעות מהמפתחים
PSL_DATA_USAGE_RESPONSES:PSL_OTHER_MESSAGES:DATA_USAGE_SHARING_PURPOSE,PSL_FRAUD_PREVENTION_SECURITY,,MULTIPLE_CHOICE,"שימוש בנתונים וטיפול בהם (הודעות אחרות בתוך האפליקציה) / למה נתוני המשתמשים האלה משותפים? יש לבחור בכל האפשרויות הרלוונטיות. / מניעת הונאות, אבטחה ותאימות"
PSL_DATA_USAGE_RESPONSES:PSL_OTHER_MESSAGES:DATA_USAGE_SHARING_PURPOSE,PSL_ADVERTISING,,MULTIPLE_CHOICE,שימוש בנתונים וטיפול בהם (הודעות אחרות בתוך האפליקציה) / למה נתוני המשתמשים האלה משותפים? יש לבחור בכל האפשרויות הרלוונטיות. / פרסום או שיווק
PSL_DATA_USAGE_RESPONSES:PSL_OTHER_MESSAGES:DATA_USAGE_SHARING_PURPOSE,PSL_PERSONALIZATION,,MULTIPLE_CHOICE,שימוש בנתונים וטיפול בהם (הודעות אחרות בתוך האפליקציה) / למה נתוני המשתמשים האלה משותפים? יש לבחור בכל האפשרויות הרלוונטיות. / התאמה אישית
PSL_DATA_USAGE_RESPONSES:PSL_OTHER_MESSAGES:DATA_USAGE_SHARING_PURPOSE,PSL_ACCOUNT_MANAGEMENT,,MULTIPLE_CHOICE,שימוש בנתונים וטיפול בהם (הודעות אחרות בתוך האפליקציה) / למה נתוני המשתמשים האלה משותפים? יש לבחור בכל האפשרויות הרלוונטיות. / ניהול החשבון
PSL_DATA_USAGE_RESPONSES:PSL_PHOTOS:PSL_DATA_USAGE_COLLECTION_AND_SHARING,PSL_DATA_USAGE_ONLY_COLLECTED,true,MULTIPLE_CHOICE,"שימוש בנתונים וטיפול בהם (תמונות) / האם הנתונים האלה נאספים, משותפים או שניהם? / נאספים"
PSL_DATA_USAGE_RESPONSES:PSL_PHOTOS:PSL_DATA_USAGE_COLLECTION_AND_SHARING,PSL_DATA_USAGE_ONLY_SHARED,,MULTIPLE_CHOICE,"שימוש בנתונים וטיפול בהם (תמונות) / האם הנתונים האלה נאספים, משותפים או שניהם? / משותפים"
PSL_DATA_USAGE_RESPONSES:PSL_PHOTOS:PSL_DATA_USAGE_EPHEMERAL,,false,MAYBE_REQUIRED,שימוש בנתונים וטיפול בהם (תמונות) / האם הנתונים האלה מעובדים באופן זמני?
PSL_DATA_USAGE_RESPONSES:PSL_PHOTOS:DATA_USAGE_USER_CONTROL,PSL_DATA_USAGE_USER_CONTROL_OPTIONAL,true,SINGLE_CHOICE,שימוש בנתונים וטיפול בהם (תמונות) / האם הנתונים האלה נדרשים באפליקציה שלך או שהמשתמשים יכולים לבחור אם הם יאספו? / המשתמשים יכולים לבחור אם הנתונים האלה ייאספו
PSL_DATA_USAGE_RESPONSES:PSL_PHOTOS:DATA_USAGE_USER_CONTROL,PSL_DATA_USAGE_USER_CONTROL_REQUIRED,,SINGLE_CHOICE,שימוש בנתונים וטיפול בהם (תמונות) / האם הנתונים האלה נדרשים באפליקציה שלך או שהמשתמשים יכולים לבחור אם הם יאספו? / איסוף הנתונים נדרש (המשתמשים לא יכולים להשבית את איסוף הנתונים)
PSL_DATA_USAGE_RESPONSES:PSL_PHOTOS:DATA_USAGE_COLLECTION_PURPOSE,PSL_APP_FUNCTIONALITY,true,MULTIPLE_CHOICE,שימוש בנתונים וטיפול בהם (תמונות) / למה נתוני המשתמשים האלה נאספים? יש לבחור בכל האפשרויות הרלוונטיות. / תכונות האפליקציה
PSL_DATA_USAGE_RESPONSES:PSL_PHOTOS:DATA_USAGE_COLLECTION_PURPOSE,PSL_ANALYTICS,,MULTIPLE_CHOICE,שימוש בנתונים וטיפול בהם (תמונות) / למה נתוני המשתמשים האלה נאספים? יש לבחור בכל האפשרויות הרלוונטיות. / Analytics
PSL_DATA_USAGE_RESPONSES:PSL_PHOTOS:DATA_USAGE_COLLECTION_PURPOSE,PSL_DEVELOPER_COMMUNICATIONS,,MULTIPLE_CHOICE,שימוש בנתונים וטיפול בהם (תמונות) / למה נתוני המשתמשים האלה נאספים? יש לבחור בכל האפשרויות הרלוונטיות. / הודעות מהמפתחים
PSL_DATA_USAGE_RESPONSES:PSL_PHOTOS:DATA_USAGE_COLLECTION_PURPOSE,PSL_FRAUD_PREVENTION_SECURITY,true,MULTIPLE_CHOICE,"שימוש בנתונים וטיפול בהם (תמונות) / למה נתוני המשתמשים האלה נאספים? יש לבחור בכל האפשרויות הרלוונטיות. / מניעת הונאות, אבטחה ותאימות"
PSL_DATA_USAGE_RESPONSES:PSL_PHOTOS:DATA_USAGE_COLLECTION_PURPOSE,PSL_ADVERTISING,,MULTIPLE_CHOICE,שימוש בנתונים וטיפול בהם (תמונות) / למה נתוני המשתמשים האלה נאספים? יש לבחור בכל האפשרויות הרלוונטיות. / פרסום או שיווק
PSL_DATA_USAGE_RESPONSES:PSL_PHOTOS:DATA_USAGE_COLLECTION_PURPOSE,PSL_PERSONALIZATION,,MULTIPLE_CHOICE,שימוש בנתונים וטיפול בהם (תמונות) / למה נתוני המשתמשים האלה נאספים? יש לבחור בכל האפשרויות הרלוונטיות. / התאמה אישית
PSL_DATA_USAGE_RESPONSES:PSL_PHOTOS:DATA_USAGE_COLLECTION_PURPOSE,PSL_ACCOUNT_MANAGEMENT,,MULTIPLE_CHOICE,שימוש בנתונים וטיפול בהם (תמונות) / למה נתוני המשתמשים האלה נאספים? יש לבחור בכל האפשרויות הרלוונטיות. / ניהול החשבון
PSL_DATA_USAGE_RESPONSES:PSL_PHOTOS:DATA_USAGE_SHARING_PURPOSE,PSL_APP_FUNCTIONALITY,,MULTIPLE_CHOICE,שימוש בנתונים וטיפול בהם (תמונות) / למה נתוני המשתמשים האלה משותפים? יש לבחור בכל האפשרויות הרלוונטיות. / תכונות האפליקציה
PSL_DATA_USAGE_RESPONSES:PSL_PHOTOS:DATA_USAGE_SHARING_PURPOSE,PSL_ANALYTICS,,MULTIPLE_CHOICE,שימוש בנתונים וטיפול בהם (תמונות) / למה נתוני המשתמשים האלה משותפים? יש לבחור בכל האפשרויות הרלוונטיות. / Analytics
PSL_DATA_USAGE_RESPONSES:PSL_PHOTOS:DATA_USAGE_SHARING_PURPOSE,PSL_DEVELOPER_COMMUNICATIONS,,MULTIPLE_CHOICE,שימוש בנתונים וטיפול בהם (תמונות) / למה נתוני המשתמשים האלה משותפים? יש לבחור בכל האפשרויות הרלוונטיות. / הודעות מהמפתחים
PSL_DATA_USAGE_RESPONSES:PSL_PHOTOS:DATA_USAGE_SHARING_PURPOSE,PSL_FRAUD_PREVENTION_SECURITY,,MULTIPLE_CHOICE,"שימוש בנתונים וטיפול בהם (תמונות) / למה נתוני המשתמשים האלה משותפים? יש לבחור בכל האפשרויות הרלוונטיות. / מניעת הונאות, אבטחה ותאימות"
PSL_DATA_USAGE_RESPONSES:PSL_PHOTOS:DATA_USAGE_SHARING_PURPOSE,PSL_ADVERTISING,,MULTIPLE_CHOICE,שימוש בנתונים וטיפול בהם (תמונות) / למה נתוני המשתמשים האלה משותפים? יש לבחור בכל האפשרויות הרלוונטיות. / פרסום או שיווק
PSL_DATA_USAGE_RESPONSES:PSL_PHOTOS:DATA_USAGE_SHARING_PURPOSE,PSL_PERSONALIZATION,,MULTIPLE_CHOICE,שימוש בנתונים וטיפול בהם (תמונות) / למה נתוני המשתמשים האלה משותפים? יש לבחור בכל האפשרויות הרלוונטיות. / התאמה אישית
PSL_DATA_USAGE_RESPONSES:PSL_PHOTOS:DATA_USAGE_SHARING_PURPOSE,PSL_ACCOUNT_MANAGEMENT,,MULTIPLE_CHOICE,שימוש בנתונים וטיפול בהם (תמונות) / למה נתוני המשתמשים האלה משותפים? יש לבחור בכל האפשרויות הרלוונטיות. / ניהול החשבון
PSL_DATA_USAGE_RESPONSES:PSL_VIDEOS:PSL_DATA_USAGE_COLLECTION_AND_SHARING,PSL_DATA_USAGE_ONLY_COLLECTED,true,MULTIPLE_CHOICE,"שימוש בנתונים וטיפול בהם (סרטונים) / האם הנתונים האלה נאספים, משותפים או שניהם? / נאספים"
PSL_DATA_USAGE_RESPONSES:PSL_VIDEOS:PSL_DATA_USAGE_COLLECTION_AND_SHARING,PSL_DATA_USAGE_ONLY_SHARED,,MULTIPLE_CHOICE,"שימוש בנתונים וטיפול בהם (סרטונים) / האם הנתונים האלה נאספים, משותפים או שניהם? / משותפים"
PSL_DATA_USAGE_RESPONSES:PSL_VIDEOS:PSL_DATA_USAGE_EPHEMERAL,,false,MAYBE_REQUIRED,שימוש בנתונים וטיפול בהם (סרטונים) / האם הנתונים האלה מעובדים באופן זמני?
PSL_DATA_USAGE_RESPONSES:PSL_VIDEOS:DATA_USAGE_USER_CONTROL,PSL_DATA_USAGE_USER_CONTROL_OPTIONAL,true,SINGLE_CHOICE,שימוש בנתונים וטיפול בהם (סרטונים) / האם הנתונים האלה נדרשים באפליקציה שלך או שהמשתמשים יכולים לבחור אם הם יאספו? / המשתמשים יכולים לבחור אם הנתונים האלה ייאספו
PSL_DATA_USAGE_RESPONSES:PSL_VIDEOS:DATA_USAGE_USER_CONTROL,PSL_DATA_USAGE_USER_CONTROL_REQUIRED,,SINGLE_CHOICE,שימוש בנתונים וטיפול בהם (סרטונים) / האם הנתונים האלה נדרשים באפליקציה שלך או שהמשתמשים יכולים לבחור אם הם יאספו? / איסוף הנתונים נדרש (המשתמשים לא יכולים להשבית את איסוף הנתונים)
PSL_DATA_USAGE_RESPONSES:PSL_VIDEOS:DATA_USAGE_COLLECTION_PURPOSE,PSL_APP_FUNCTIONALITY,true,MULTIPLE_CHOICE,שימוש בנתונים וטיפול בהם (סרטונים) / למה נתוני המשתמשים האלה נאספים? יש לבחור בכל האפשרויות הרלוונטיות. / תכונות האפליקציה
PSL_DATA_USAGE_RESPONSES:PSL_VIDEOS:DATA_USAGE_COLLECTION_PURPOSE,PSL_ANALYTICS,,MULTIPLE_CHOICE,שימוש בנתונים וטיפול בהם (סרטונים) / למה נתוני המשתמשים האלה נאספים? יש לבחור בכל האפשרויות הרלוונטיות. / Analytics
PSL_DATA_USAGE_RESPONSES:PSL_VIDEOS:DATA_USAGE_COLLECTION_PURPOSE,PSL_DEVELOPER_COMMUNICATIONS,,MULTIPLE_CHOICE,שימוש בנתונים וטיפול בהם (סרטונים) / למה נתוני המשתמשים האלה נאספים? יש לבחור בכל האפשרויות הרלוונטיות. / הודעות מהמפתחים
PSL_DATA_USAGE_RESPONSES:PSL_VIDEOS:DATA_USAGE_COLLECTION_PURPOSE,PSL_FRAUD_PREVENTION_SECURITY,true,MULTIPLE_CHOICE,"שימוש בנתונים וטיפול בהם (סרטונים) / למה נתוני המשתמשים האלה נאספים? יש לבחור בכל האפשרויות הרלוונטיות. / מניעת הונאות, אבטחה ותאימות"
PSL_DATA_USAGE_RESPONSES:PSL_VIDEOS:DATA_USAGE_COLLECTION_PURPOSE,PSL_ADVERTISING,,MULTIPLE_CHOICE,שימוש בנתונים וטיפול בהם (סרטונים) / למה נתוני המשתמשים האלה נאספים? יש לבחור בכל האפשרויות הרלוונטיות. / פרסום או שיווק
PSL_DATA_USAGE_RESPONSES:PSL_VIDEOS:DATA_USAGE_COLLECTION_PURPOSE,PSL_PERSONALIZATION,,MULTIPLE_CHOICE,שימוש בנתונים וטיפול בהם (סרטונים) / למה נתוני המשתמשים האלה נאספים? יש לבחור בכל האפשרויות הרלוונטיות. / התאמה אישית
PSL_DATA_USAGE_RESPONSES:PSL_VIDEOS:DATA_USAGE_COLLECTION_PURPOSE,PSL_ACCOUNT_MANAGEMENT,,MULTIPLE_CHOICE,שימוש בנתונים וטיפול בהם (סרטונים) / למה נתוני המשתמשים האלה נאספים? יש לבחור בכל האפשרויות הרלוונטיות. / ניהול החשבון
PSL_DATA_USAGE_RESPONSES:PSL_VIDEOS:DATA_USAGE_SHARING_PURPOSE,PSL_APP_FUNCTIONALITY,,MULTIPLE_CHOICE,שימוש בנתונים וטיפול בהם (סרטונים) / למה נתוני המשתמשים האלה משותפים? יש לבחור בכל האפשרויות הרלוונטיות. / תכונות האפליקציה
PSL_DATA_USAGE_RESPONSES:PSL_VIDEOS:DATA_USAGE_SHARING_PURPOSE,PSL_ANALYTICS,,MULTIPLE_CHOICE,שימוש בנתונים וטיפול בהם (סרטונים) / למה נתוני המשתמשים האלה משותפים? יש לבחור בכל האפשרויות הרלוונטיות. / Analytics
PSL_DATA_USAGE_RESPONSES:PSL_VIDEOS:DATA_USAGE_SHARING_PURPOSE,PSL_DEVELOPER_COMMUNICATIONS,,MULTIPLE_CHOICE,שימוש בנתונים וטיפול בהם (סרטונים) / למה נתוני המשתמשים האלה משותפים? יש לבחור בכל האפשרויות הרלוונטיות. / הודעות מהמפתחים
PSL_DATA_USAGE_RESPONSES:PSL_VIDEOS:DATA_USAGE_SHARING_PURPOSE,PSL_FRAUD_PREVENTION_SECURITY,,MULTIPLE_CHOICE,"שימוש בנתונים וטיפול בהם (סרטונים) / למה נתוני המשתמשים האלה משותפים? יש לבחור בכל האפשרויות הרלוונטיות. / מניעת הונאות, אבטחה ותאימות"
PSL_DATA_USAGE_RESPONSES:PSL_VIDEOS:DATA_USAGE_SHARING_PURPOSE,PSL_ADVERTISING,,MULTIPLE_CHOICE,שימוש בנתונים וטיפול בהם (סרטונים) / למה נתוני המשתמשים האלה משותפים? יש לבחור בכל האפשרויות הרלוונטיות. / פרסום או שיווק
PSL_DATA_USAGE_RESPONSES:PSL_VIDEOS:DATA_USAGE_SHARING_PURPOSE,PSL_PERSONALIZATION,,MULTIPLE_CHOICE,שימוש בנתונים וטיפול בהם (סרטונים) / למה נתוני המשתמשים האלה משותפים? יש לבחור בכל האפשרויות הרלוונטיות. / התאמה אישית
PSL_DATA_USAGE_RESPONSES:PSL_VIDEOS:DATA_USAGE_SHARING_PURPOSE,PSL_ACCOUNT_MANAGEMENT,,MULTIPLE_CHOICE,שימוש בנתונים וטיפול בהם (סרטונים) / למה נתוני המשתמשים האלה משותפים? יש לבחור בכל האפשרויות הרלוונטיות. / ניהול החשבון
PSL_DATA_USAGE_RESPONSES:PSL_AUDIO:PSL_DATA_USAGE_COLLECTION_AND_SHARING,PSL_DATA_USAGE_ONLY_COLLECTED,true,MULTIPLE_CHOICE,"שימוש בנתונים וטיפול בהם (הקלטת אודיו) / האם הנתונים האלה נאספים, משותפים או שניהם? / נאספים"
PSL_DATA_USAGE_RESPONSES:PSL_AUDIO:PSL_DATA_USAGE_COLLECTION_AND_SHARING,PSL_DATA_USAGE_ONLY_SHARED,,MULTIPLE_CHOICE,"שימוש בנתונים וטיפול בהם (הקלטת אודיו) / האם הנתונים האלה נאספים, משותפים או שניהם? / משותפים"
PSL_DATA_USAGE_RESPONSES:PSL_AUDIO:PSL_DATA_USAGE_EPHEMERAL,,false,MAYBE_REQUIRED,שימוש בנתונים וטיפול בהם (הקלטת אודיו) / האם הנתונים האלה מעובדים באופן זמני?
PSL_DATA_USAGE_RESPONSES:PSL_AUDIO:DATA_USAGE_USER_CONTROL,PSL_DATA_USAGE_USER_CONTROL_OPTIONAL,true,SINGLE_CHOICE,שימוש בנתונים וטיפול בהם (הקלטת אודיו) / האם הנתונים האלה נדרשים באפליקציה שלך או שהמשתמשים יכולים לבחור אם הם יאספו? / המשתמשים יכולים לבחור אם הנתונים האלה ייאספו
PSL_DATA_USAGE_RESPONSES:PSL_AUDIO:DATA_USAGE_USER_CONTROL,PSL_DATA_USAGE_USER_CONTROL_REQUIRED,,SINGLE_CHOICE,שימוש בנתונים וטיפול בהם (הקלטת אודיו) / האם הנתונים האלה נדרשים באפליקציה שלך או שהמשתמשים יכולים לבחור אם הם יאספו? / איסוף הנתונים נדרש (המשתמשים לא יכולים להשבית את איסוף הנתונים)
PSL_DATA_USAGE_RESPONSES:PSL_AUDIO:DATA_USAGE_COLLECTION_PURPOSE,PSL_APP_FUNCTIONALITY,true,MULTIPLE_CHOICE,שימוש בנתונים וטיפול בהם (הקלטת אודיו) / למה נתוני המשתמשים האלה נאספים? יש לבחור בכל האפשרויות הרלוונטיות. / תכונות האפליקציה
PSL_DATA_USAGE_RESPONSES:PSL_AUDIO:DATA_USAGE_COLLECTION_PURPOSE,PSL_ANALYTICS,,MULTIPLE_CHOICE,שימוש בנתונים וטיפול בהם (הקלטת אודיו) / למה נתוני המשתמשים האלה נאספים? יש לבחור בכל האפשרויות הרלוונטיות. / Analytics
PSL_DATA_USAGE_RESPONSES:PSL_AUDIO:DATA_USAGE_COLLECTION_PURPOSE,PSL_DEVELOPER_COMMUNICATIONS,,MULTIPLE_CHOICE,שימוש בנתונים וטיפול בהם (הקלטת אודיו) / למה נתוני המשתמשים האלה נאספים? יש לבחור בכל האפשרויות הרלוונטיות. / הודעות מהמפתחים
PSL_DATA_USAGE_RESPONSES:PSL_AUDIO:DATA_USAGE_COLLECTION_PURPOSE,PSL_FRAUD_PREVENTION_SECURITY,,MULTIPLE_CHOICE,"שימוש בנתונים וטיפול בהם (הקלטת אודיו) / למה נתוני המשתמשים האלה נאספים? יש לבחור בכל האפשרויות הרלוונטיות. / מניעת הונאות, אבטחה ותאימות"
PSL_DATA_USAGE_RESPONSES:PSL_AUDIO:DATA_USAGE_COLLECTION_PURPOSE,PSL_ADVERTISING,,MULTIPLE_CHOICE,שימוש בנתונים וטיפול בהם (הקלטת אודיו) / למה נתוני המשתמשים האלה נאספים? יש לבחור בכל האפשרויות הרלוונטיות. / פרסום או שיווק
PSL_DATA_USAGE_RESPONSES:PSL_AUDIO:DATA_USAGE_COLLECTION_PURPOSE,PSL_PERSONALIZATION,,MULTIPLE_CHOICE,שימוש בנתונים וטיפול בהם (הקלטת אודיו) / למה נתוני המשתמשים האלה נאספים? יש לבחור בכל האפשרויות הרלוונטיות. / התאמה אישית
PSL_DATA_USAGE_RESPONSES:PSL_AUDIO:DATA_USAGE_COLLECTION_PURPOSE,PSL_ACCOUNT_MANAGEMENT,,MULTIPLE_CHOICE,שימוש בנתונים וטיפול בהם (הקלטת אודיו) / למה נתוני המשתמשים האלה נאספים? יש לבחור בכל האפשרויות הרלוונטיות. / ניהול החשבון
PSL_DATA_USAGE_RESPONSES:PSL_AUDIO:DATA_USAGE_SHARING_PURPOSE,PSL_APP_FUNCTIONALITY,,MULTIPLE_CHOICE,שימוש בנתונים וטיפול בהם (הקלטת אודיו) / למה נתוני המשתמשים האלה משותפים? יש לבחור בכל האפשרויות הרלוונטיות. / תכונות האפליקציה
PSL_DATA_USAGE_RESPONSES:PSL_AUDIO:DATA_USAGE_SHARING_PURPOSE,PSL_ANALYTICS,,MULTIPLE_CHOICE,שימוש בנתונים וטיפול בהם (הקלטת אודיו) / למה נתוני המשתמשים האלה משותפים? יש לבחור בכל האפשרויות הרלוונטיות. / Analytics
PSL_DATA_USAGE_RESPONSES:PSL_AUDIO:DATA_USAGE_SHARING_PURPOSE,PSL_DEVELOPER_COMMUNICATIONS,,MULTIPLE_CHOICE,שימוש בנתונים וטיפול בהם (הקלטת אודיו) / למה נתוני המשתמשים האלה משותפים? יש לבחור בכל האפשרויות הרלוונטיות. / הודעות מהמפתחים
PSL_DATA_USAGE_RESPONSES:PSL_AUDIO:DATA_USAGE_SHARING_PURPOSE,PSL_FRAUD_PREVENTION_SECURITY,,MULTIPLE_CHOICE,"שימוש בנתונים וטיפול בהם (הקלטת אודיו) / למה נתוני המשתמשים האלה משותפים? יש לבחור בכל האפשרויות הרלוונטיות. / מניעת הונאות, אבטחה ותאימות"
PSL_DATA_USAGE_RESPONSES:PSL_AUDIO:DATA_USAGE_SHARING_PURPOSE,PSL_ADVERTISING,,MULTIPLE_CHOICE,שימוש בנתונים וטיפול בהם (הקלטת אודיו) / למה נתוני המשתמשים האלה משותפים? יש לבחור בכל האפשרויות הרלוונטיות. / פרסום או שיווק
PSL_DATA_USAGE_RESPONSES:PSL_AUDIO:DATA_USAGE_SHARING_PURPOSE,PSL_PERSONALIZATION,,MULTIPLE_CHOICE,שימוש בנתונים וטיפול בהם (הקלטת אודיו) / למה נתוני המשתמשים האלה משותפים? יש לבחור בכל האפשרויות הרלוונטיות. / התאמה אישית
PSL_DATA_USAGE_RESPONSES:PSL_AUDIO:DATA_USAGE_SHARING_PURPOSE,PSL_ACCOUNT_MANAGEMENT,,MULTIPLE_CHOICE,שימוש בנתונים וטיפול בהם (הקלטת אודיו) / למה נתוני המשתמשים האלה משותפים? יש לבחור בכל האפשרויות הרלוונטיות. / ניהול החשבון
PSL_DATA_USAGE_RESPONSES:PSL_MUSIC:PSL_DATA_USAGE_COLLECTION_AND_SHARING,PSL_DATA_USAGE_ONLY_COLLECTED,,MULTIPLE_CHOICE,"שימוש בנתונים וטיפול בהם (קובצי מוזיקה) / האם הנתונים האלה נאספים, משותפים או שניהם? / נאספים"
PSL_DATA_USAGE_RESPONSES:PSL_MUSIC:PSL_DATA_USAGE_COLLECTION_AND_SHARING,PSL_DATA_USAGE_ONLY_SHARED,,MULTIPLE_CHOICE,"שימוש בנתונים וטיפול בהם (קובצי מוזיקה) / האם הנתונים האלה נאספים, משותפים או שניהם? / משותפים"
PSL_DATA_USAGE_RESPONSES:PSL_MUSIC:PSL_DATA_USAGE_EPHEMERAL,,,MAYBE_REQUIRED,שימוש בנתונים וטיפול בהם (קובצי מוזיקה) / האם הנתונים האלה מעובדים באופן זמני?
PSL_DATA_USAGE_RESPONSES:PSL_MUSIC:DATA_USAGE_USER_CONTROL,PSL_DATA_USAGE_USER_CONTROL_OPTIONAL,,SINGLE_CHOICE,שימוש בנתונים וטיפול בהם (קובצי מוזיקה) / האם הנתונים האלה נדרשים באפליקציה שלך או שהמשתמשים יכולים לבחור אם הם יאספו? / המשתמשים יכולים לבחור אם הנתונים האלה ייאספו
PSL_DATA_USAGE_RESPONSES:PSL_MUSIC:DATA_USAGE_USER_CONTROL,PSL_DATA_USAGE_USER_CONTROL_REQUIRED,,SINGLE_CHOICE,שימוש בנתונים וטיפול בהם (קובצי מוזיקה) / האם הנתונים האלה נדרשים באפליקציה שלך או שהמשתמשים יכולים לבחור אם הם יאספו? / איסוף הנתונים נדרש (המשתמשים לא יכולים להשבית את איסוף הנתונים)
PSL_DATA_USAGE_RESPONSES:PSL_MUSIC:DATA_USAGE_COLLECTION_PURPOSE,PSL_APP_FUNCTIONALITY,,MULTIPLE_CHOICE,שימוש בנתונים וטיפול בהם (קובצי מוזיקה) / למה נתוני המשתמשים האלה נאספים? יש לבחור בכל האפשרויות הרלוונטיות. / תכונות האפליקציה
PSL_DATA_USAGE_RESPONSES:PSL_MUSIC:DATA_USAGE_COLLECTION_PURPOSE,PSL_ANALYTICS,,MULTIPLE_CHOICE,שימוש בנתונים וטיפול בהם (קובצי מוזיקה) / למה נתוני המשתמשים האלה נאספים? יש לבחור בכל האפשרויות הרלוונטיות. / Analytics
PSL_DATA_USAGE_RESPONSES:PSL_MUSIC:DATA_USAGE_COLLECTION_PURPOSE,PSL_DEVELOPER_COMMUNICATIONS,,MULTIPLE_CHOICE,שימוש בנתונים וטיפול בהם (קובצי מוזיקה) / למה נתוני המשתמשים האלה נאספים? יש לבחור בכל האפשרויות הרלוונטיות. / הודעות מהמפתחים
PSL_DATA_USAGE_RESPONSES:PSL_MUSIC:DATA_USAGE_COLLECTION_PURPOSE,PSL_FRAUD_PREVENTION_SECURITY,,MULTIPLE_CHOICE,"שימוש בנתונים וטיפול בהם (קובצי מוזיקה) / למה נתוני המשתמשים האלה נאספים? יש לבחור בכל האפשרויות הרלוונטיות. / מניעת הונאות, אבטחה ותאימות"
PSL_DATA_USAGE_RESPONSES:PSL_MUSIC:DATA_USAGE_COLLECTION_PURPOSE,PSL_ADVERTISING,,MULTIPLE_CHOICE,שימוש בנתונים וטיפול בהם (קובצי מוזיקה) / למה נתוני המשתמשים האלה נאספים? יש לבחור בכל האפשרויות הרלוונטיות. / פרסום או שיווק
PSL_DATA_USAGE_RESPONSES:PSL_MUSIC:DATA_USAGE_COLLECTION_PURPOSE,PSL_PERSONALIZATION,,MULTIPLE_CHOICE,שימוש בנתונים וטיפול בהם (קובצי מוזיקה) / למה נתוני המשתמשים האלה נאספים? יש לבחור בכל האפשרויות הרלוונטיות. / התאמה אישית
PSL_DATA_USAGE_RESPONSES:PSL_MUSIC:DATA_USAGE_COLLECTION_PURPOSE,PSL_ACCOUNT_MANAGEMENT,,MULTIPLE_CHOICE,שימוש בנתונים וטיפול בהם (קובצי מוזיקה) / למה נתוני המשתמשים האלה נאספים? יש לבחור בכל האפשרויות הרלוונטיות. / ניהול החשבון
PSL_DATA_USAGE_RESPONSES:PSL_MUSIC:DATA_USAGE_SHARING_PURPOSE,PSL_APP_FUNCTIONALITY,,MULTIPLE_CHOICE,שימוש בנתונים וטיפול בהם (קובצי מוזיקה) / למה נתוני המשתמשים האלה משותפים? יש לבחור בכל האפשרויות הרלוונטיות. / תכונות האפליקציה
PSL_DATA_USAGE_RESPONSES:PSL_MUSIC:DATA_USAGE_SHARING_PURPOSE,PSL_ANALYTICS,,MULTIPLE_CHOICE,שימוש בנתונים וטיפול בהם (קובצי מוזיקה) / למה נתוני המשתמשים האלה משותפים? יש לבחור בכל האפשרויות הרלוונטיות. / Analytics
PSL_DATA_USAGE_RESPONSES:PSL_MUSIC:DATA_USAGE_SHARING_PURPOSE,PSL_DEVELOPER_COMMUNICATIONS,,MULTIPLE_CHOICE,שימוש בנתונים וטיפול בהם (קובצי מוזיקה) / למה נתוני המשתמשים האלה משותפים? יש לבחור בכל האפשרויות הרלוונטיות. / הודעות מהמפתחים
PSL_DATA_USAGE_RESPONSES:PSL_MUSIC:DATA_USAGE_SHARING_PURPOSE,PSL_FRAUD_PREVENTION_SECURITY,,MULTIPLE_CHOICE,"שימוש בנתונים וטיפול בהם (קובצי מוזיקה) / למה נתוני המשתמשים האלה משותפים? יש לבחור בכל האפשרויות הרלוונטיות. / מניעת הונאות, אבטחה ותאימות"
PSL_DATA_USAGE_RESPONSES:PSL_MUSIC:DATA_USAGE_SHARING_PURPOSE,PSL_ADVERTISING,,MULTIPLE_CHOICE,שימוש בנתונים וטיפול בהם (קובצי מוזיקה) / למה נתוני המשתמשים האלה משותפים? יש לבחור בכל האפשרויות הרלוונטיות. / פרסום או שיווק
PSL_DATA_USAGE_RESPONSES:PSL_MUSIC:DATA_USAGE_SHARING_PURPOSE,PSL_PERSONALIZATION,,MULTIPLE_CHOICE,שימוש בנתונים וטיפול בהם (קובצי מוזיקה) / למה נתוני המשתמשים האלה משותפים? יש לבחור בכל האפשרויות הרלוונטיות. / התאמה אישית
PSL_DATA_USAGE_RESPONSES:PSL_MUSIC:DATA_USAGE_SHARING_PURPOSE,PSL_ACCOUNT_MANAGEMENT,,MULTIPLE_CHOICE,שימוש בנתונים וטיפול בהם (קובצי מוזיקה) / למה נתוני המשתמשים האלה משותפים? יש לבחור בכל האפשרויות הרלוונטיות. / ניהול החשבון
PSL_DATA_USAGE_RESPONSES:PSL_OTHER_AUDIO:PSL_DATA_USAGE_COLLECTION_AND_SHARING,PSL_DATA_USAGE_ONLY_COLLECTED,,MULTIPLE_CHOICE,"שימוש בנתונים וטיפול בהם (קובצי אודיו אחרים) / האם הנתונים האלה נאספים, משותפים או שניהם? / נאספים"
PSL_DATA_USAGE_RESPONSES:PSL_OTHER_AUDIO:PSL_DATA_USAGE_COLLECTION_AND_SHARING,PSL_DATA_USAGE_ONLY_SHARED,,MULTIPLE_CHOICE,"שימוש בנתונים וטיפול בהם (קובצי אודיו אחרים) / האם הנתונים האלה נאספים, משותפים או שניהם? / משותפים"
PSL_DATA_USAGE_RESPONSES:PSL_OTHER_AUDIO:PSL_DATA_USAGE_EPHEMERAL,,,MAYBE_REQUIRED,שימוש בנתונים וטיפול בהם (קובצי אודיו אחרים) / האם הנתונים האלה מעובדים באופן זמני?
PSL_DATA_USAGE_RESPONSES:PSL_OTHER_AUDIO:DATA_USAGE_USER_CONTROL,PSL_DATA_USAGE_USER_CONTROL_OPTIONAL,,SINGLE_CHOICE,שימוש בנתונים וטיפול בהם (קובצי אודיו אחרים) / האם הנתונים האלה נדרשים באפליקציה שלך או שהמשתמשים יכולים לבחור אם הם יאספו? / המשתמשים יכולים לבחור אם הנתונים האלה ייאספו
PSL_DATA_USAGE_RESPONSES:PSL_OTHER_AUDIO:DATA_USAGE_USER_CONTROL,PSL_DATA_USAGE_USER_CONTROL_REQUIRED,,SINGLE_CHOICE,שימוש בנתונים וטיפול בהם (קובצי אודיו אחרים) / האם הנתונים האלה נדרשים באפליקציה שלך או שהמשתמשים יכולים לבחור אם הם יאספו? / איסוף הנתונים נדרש (המשתמשים לא יכולים להשבית את איסוף הנתונים)
PSL_DATA_USAGE_RESPONSES:PSL_OTHER_AUDIO:DATA_USAGE_COLLECTION_PURPOSE,PSL_APP_FUNCTIONALITY,,MULTIPLE_CHOICE,שימוש בנתונים וטיפול בהם (קובצי אודיו אחרים) / למה נתוני המשתמשים האלה נאספים? יש לבחור בכל האפשרויות הרלוונטיות. / תכונות האפליקציה
PSL_DATA_USAGE_RESPONSES:PSL_OTHER_AUDIO:DATA_USAGE_COLLECTION_PURPOSE,PSL_ANALYTICS,,MULTIPLE_CHOICE,שימוש בנתונים וטיפול בהם (קובצי אודיו אחרים) / למה נתוני המשתמשים האלה נאספים? יש לבחור בכל האפשרויות הרלוונטיות. / Analytics
PSL_DATA_USAGE_RESPONSES:PSL_OTHER_AUDIO:DATA_USAGE_COLLECTION_PURPOSE,PSL_DEVELOPER_COMMUNICATIONS,,MULTIPLE_CHOICE,שימוש בנתונים וטיפול בהם (קובצי אודיו אחרים) / למה נתוני המשתמשים האלה נאספים? יש לבחור בכל האפשרויות הרלוונטיות. / הודעות מהמפתחים
PSL_DATA_USAGE_RESPONSES:PSL_OTHER_AUDIO:DATA_USAGE_COLLECTION_PURPOSE,PSL_FRAUD_PREVENTION_SECURITY,,MULTIPLE_CHOICE,"שימוש בנתונים וטיפול בהם (קובצי אודיו אחרים) / למה נתוני המשתמשים האלה נאספים? יש לבחור בכל האפשרויות הרלוונטיות. / מניעת הונאות, אבטחה ותאימות"
PSL_DATA_USAGE_RESPONSES:PSL_OTHER_AUDIO:DATA_USAGE_COLLECTION_PURPOSE,PSL_ADVERTISING,,MULTIPLE_CHOICE,שימוש בנתונים וטיפול בהם (קובצי אודיו אחרים) / למה נתוני המשתמשים האלה נאספים? יש לבחור בכל האפשרויות הרלוונטיות. / פרסום או שיווק
PSL_DATA_USAGE_RESPONSES:PSL_OTHER_AUDIO:DATA_USAGE_COLLECTION_PURPOSE,PSL_PERSONALIZATION,,MULTIPLE_CHOICE,שימוש בנתונים וטיפול בהם (קובצי אודיו אחרים) / למה נתוני המשתמשים האלה נאספים? יש לבחור בכל האפשרויות הרלוונטיות. / התאמה אישית
PSL_DATA_USAGE_RESPONSES:PSL_OTHER_AUDIO:DATA_USAGE_COLLECTION_PURPOSE,PSL_ACCOUNT_MANAGEMENT,,MULTIPLE_CHOICE,שימוש בנתונים וטיפול בהם (קובצי אודיו אחרים) / למה נתוני המשתמשים האלה נאספים? יש לבחור בכל האפשרויות הרלוונטיות. / ניהול החשבון
PSL_DATA_USAGE_RESPONSES:PSL_OTHER_AUDIO:DATA_USAGE_SHARING_PURPOSE,PSL_APP_FUNCTIONALITY,,MULTIPLE_CHOICE,שימוש בנתונים וטיפול בהם (קובצי אודיו אחרים) / למה נתוני המשתמשים האלה משותפים? יש לבחור בכל האפשרויות הרלוונטיות. / תכונות האפליקציה
PSL_DATA_USAGE_RESPONSES:PSL_OTHER_AUDIO:DATA_USAGE_SHARING_PURPOSE,PSL_ANALYTICS,,MULTIPLE_CHOICE,שימוש בנתונים וטיפול בהם (קובצי אודיו אחרים) / למה נתוני המשתמשים האלה משותפים? יש לבחור בכל האפשרויות הרלוונטיות. / Analytics
PSL_DATA_USAGE_RESPONSES:PSL_OTHER_AUDIO:DATA_USAGE_SHARING_PURPOSE,PSL_DEVELOPER_COMMUNICATIONS,,MULTIPLE_CHOICE,שימוש בנתונים וטיפול בהם (קובצי אודיו אחרים) / למה נתוני המשתמשים האלה משותפים? יש לבחור בכל האפשרויות הרלוונטיות. / הודעות מהמפתחים
PSL_DATA_USAGE_RESPONSES:PSL_OTHER_AUDIO:DATA_USAGE_SHARING_PURPOSE,PSL_FRAUD_PREVENTION_SECURITY,,MULTIPLE_CHOICE,"שימוש בנתונים וטיפול בהם (קובצי אודיו אחרים) / למה נתוני המשתמשים האלה משותפים? יש לבחור בכל האפשרויות הרלוונטיות. / מניעת הונאות, אבטחה ותאימות"
PSL_DATA_USAGE_RESPONSES:PSL_OTHER_AUDIO:DATA_USAGE_SHARING_PURPOSE,PSL_ADVERTISING,,MULTIPLE_CHOICE,שימוש בנתונים וטיפול בהם (קובצי אודיו אחרים) / למה נתוני המשתמשים האלה משותפים? יש לבחור בכל האפשרויות הרלוונטיות. / פרסום או שיווק
PSL_DATA_USAGE_RESPONSES:PSL_OTHER_AUDIO:DATA_USAGE_SHARING_PURPOSE,PSL_PERSONALIZATION,,MULTIPLE_CHOICE,שימוש בנתונים וטיפול בהם (קובצי אודיו אחרים) / למה נתוני המשתמשים האלה משותפים? יש לבחור בכל האפשרויות הרלוונטיות. / התאמה אישית
PSL_DATA_USAGE_RESPONSES:PSL_OTHER_AUDIO:DATA_USAGE_SHARING_PURPOSE,PSL_ACCOUNT_MANAGEMENT,,MULTIPLE_CHOICE,שימוש בנתונים וטיפול בהם (קובצי אודיו אחרים) / למה נתוני המשתמשים האלה משותפים? יש לבחור בכל האפשרויות הרלוונטיות. / ניהול החשבון
PSL_DATA_USAGE_RESPONSES:PSL_HEALTH:PSL_DATA_USAGE_COLLECTION_AND_SHARING,PSL_DATA_USAGE_ONLY_COLLECTED,,MULTIPLE_CHOICE,"שימוש בנתונים וטיפול בהם (מידע בריאותי) / האם הנתונים האלה נאספים, משותפים או שניהם? / נאספים"
PSL_DATA_USAGE_RESPONSES:PSL_HEALTH:PSL_DATA_USAGE_COLLECTION_AND_SHARING,PSL_DATA_USAGE_ONLY_SHARED,,MULTIPLE_CHOICE,"שימוש בנתונים וטיפול בהם (מידע בריאותי) / האם הנתונים האלה נאספים, משותפים או שניהם? / משותפים"
PSL_DATA_USAGE_RESPONSES:PSL_HEALTH:PSL_DATA_USAGE_EPHEMERAL,,,MAYBE_REQUIRED,שימוש בנתונים וטיפול בהם (מידע בריאותי) / האם הנתונים האלה מעובדים באופן זמני?
PSL_DATA_USAGE_RESPONSES:PSL_HEALTH:DATA_USAGE_USER_CONTROL,PSL_DATA_USAGE_USER_CONTROL_OPTIONAL,,SINGLE_CHOICE,שימוש בנתונים וטיפול בהם (מידע בריאותי) / האם הנתונים האלה נדרשים באפליקציה שלך או שהמשתמשים יכולים לבחור אם הם יאספו? / המשתמשים יכולים לבחור אם הנתונים האלה ייאספו
PSL_DATA_USAGE_RESPONSES:PSL_HEALTH:DATA_USAGE_USER_CONTROL,PSL_DATA_USAGE_USER_CONTROL_REQUIRED,,SINGLE_CHOICE,שימוש בנתונים וטיפול בהם (מידע בריאותי) / האם הנתונים האלה נדרשים באפליקציה שלך או שהמשתמשים יכולים לבחור אם הם יאספו? / איסוף הנתונים נדרש (המשתמשים לא יכולים להשבית את איסוף הנתונים)
PSL_DATA_USAGE_RESPONSES:PSL_HEALTH:DATA_USAGE_COLLECTION_PURPOSE,PSL_APP_FUNCTIONALITY,,MULTIPLE_CHOICE,שימוש בנתונים וטיפול בהם (מידע בריאותי) / למה נתוני המשתמשים האלה נאספים? יש לבחור בכל האפשרויות הרלוונטיות. / תכונות האפליקציה
PSL_DATA_USAGE_RESPONSES:PSL_HEALTH:DATA_USAGE_COLLECTION_PURPOSE,PSL_ANALYTICS,,MULTIPLE_CHOICE,שימוש בנתונים וטיפול בהם (מידע בריאותי) / למה נתוני המשתמשים האלה נאספים? יש לבחור בכל האפשרויות הרלוונטיות. / Analytics
PSL_DATA_USAGE_RESPONSES:PSL_HEALTH:DATA_USAGE_COLLECTION_PURPOSE,PSL_DEVELOPER_COMMUNICATIONS,,MULTIPLE_CHOICE,שימוש בנתונים וטיפול בהם (מידע בריאותי) / למה נתוני המשתמשים האלה נאספים? יש לבחור בכל האפשרויות הרלוונטיות. / הודעות מהמפתחים
PSL_DATA_USAGE_RESPONSES:PSL_HEALTH:DATA_USAGE_COLLECTION_PURPOSE,PSL_FRAUD_PREVENTION_SECURITY,,MULTIPLE_CHOICE,"שימוש בנתונים וטיפול בהם (מידע בריאותי) / למה נתוני המשתמשים האלה נאספים? יש לבחור בכל האפשרויות הרלוונטיות. / מניעת הונאות, אבטחה ותאימות"
PSL_DATA_USAGE_RESPONSES:PSL_HEALTH:DATA_USAGE_COLLECTION_PURPOSE,PSL_ADVERTISING,,MULTIPLE_CHOICE,שימוש בנתונים וטיפול בהם (מידע בריאותי) / למה נתוני המשתמשים האלה נאספים? יש לבחור בכל האפשרויות הרלוונטיות. / פרסום או שיווק
PSL_DATA_USAGE_RESPONSES:PSL_HEALTH:DATA_USAGE_COLLECTION_PURPOSE,PSL_PERSONALIZATION,,MULTIPLE_CHOICE,שימוש בנתונים וטיפול בהם (מידע בריאותי) / למה נתוני המשתמשים האלה נאספים? יש לבחור בכל האפשרויות הרלוונטיות. / התאמה אישית
PSL_DATA_USAGE_RESPONSES:PSL_HEALTH:DATA_USAGE_COLLECTION_PURPOSE,PSL_ACCOUNT_MANAGEMENT,,MULTIPLE_CHOICE,שימוש בנתונים וטיפול בהם (מידע בריאותי) / למה נתוני המשתמשים האלה נאספים? יש לבחור בכל האפשרויות הרלוונטיות. / ניהול החשבון
PSL_DATA_USAGE_RESPONSES:PSL_HEALTH:DATA_USAGE_SHARING_PURPOSE,PSL_APP_FUNCTIONALITY,,MULTIPLE_CHOICE,שימוש בנתונים וטיפול בהם (מידע בריאותי) / למה נתוני המשתמשים האלה משותפים? יש לבחור בכל האפשרויות הרלוונטיות. / תכונות האפליקציה
PSL_DATA_USAGE_RESPONSES:PSL_HEALTH:DATA_USAGE_SHARING_PURPOSE,PSL_ANALYTICS,,MULTIPLE_CHOICE,שימוש בנתונים וטיפול בהם (מידע בריאותי) / למה נתוני המשתמשים האלה משותפים? יש לבחור בכל האפשרויות הרלוונטיות. / Analytics
PSL_DATA_USAGE_RESPONSES:PSL_HEALTH:DATA_USAGE_SHARING_PURPOSE,PSL_DEVELOPER_COMMUNICATIONS,,MULTIPLE_CHOICE,שימוש בנתונים וטיפול בהם (מידע בריאותי) / למה נתוני המשתמשים האלה משותפים? יש לבחור בכל האפשרויות הרלוונטיות. / הודעות מהמפתחים
PSL_DATA_USAGE_RESPONSES:PSL_HEALTH:DATA_USAGE_SHARING_PURPOSE,PSL_FRAUD_PREVENTION_SECURITY,,MULTIPLE_CHOICE,"שימוש בנתונים וטיפול בהם (מידע בריאותי) / למה נתוני המשתמשים האלה משותפים? יש לבחור בכל האפשרויות הרלוונטיות. / מניעת הונאות, אבטחה ותאימות"
PSL_DATA_USAGE_RESPONSES:PSL_HEALTH:DATA_USAGE_SHARING_PURPOSE,PSL_ADVERTISING,,MULTIPLE_CHOICE,שימוש בנתונים וטיפול בהם (מידע בריאותי) / למה נתוני המשתמשים האלה משותפים? יש לבחור בכל האפשרויות הרלוונטיות. / פרסום או שיווק
PSL_DATA_USAGE_RESPONSES:PSL_HEALTH:DATA_USAGE_SHARING_PURPOSE,PSL_PERSONALIZATION,,MULTIPLE_CHOICE,שימוש בנתונים וטיפול בהם (מידע בריאותי) / למה נתוני המשתמשים האלה משותפים? יש לבחור בכל האפשרויות הרלוונטיות. / התאמה אישית
PSL_DATA_USAGE_RESPONSES:PSL_HEALTH:DATA_USAGE_SHARING_PURPOSE,PSL_ACCOUNT_MANAGEMENT,,MULTIPLE_CHOICE,שימוש בנתונים וטיפול בהם (מידע בריאותי) / למה נתוני המשתמשים האלה משותפים? יש לבחור בכל האפשרויות הרלוונטיות. / ניהול החשבון
PSL_DATA_USAGE_RESPONSES:PSL_FITNESS:PSL_DATA_USAGE_COLLECTION_AND_SHARING,PSL_DATA_USAGE_ONLY_COLLECTED,,MULTIPLE_CHOICE,"שימוש בנתונים וטיפול בהם (נתוני כושר) / האם הנתונים האלה נאספים, משותפים או שניהם? / נאספים"
PSL_DATA_USAGE_RESPONSES:PSL_FITNESS:PSL_DATA_USAGE_COLLECTION_AND_SHARING,PSL_DATA_USAGE_ONLY_SHARED,,MULTIPLE_CHOICE,"שימוש בנתונים וטיפול בהם (נתוני כושר) / האם הנתונים האלה נאספים, משותפים או שניהם? / משותפים"
PSL_DATA_USAGE_RESPONSES:PSL_FITNESS:PSL_DATA_USAGE_EPHEMERAL,,,MAYBE_REQUIRED,שימוש בנתונים וטיפול בהם (נתוני כושר) / האם הנתונים האלה מעובדים באופן זמני?
PSL_DATA_USAGE_RESPONSES:PSL_FITNESS:DATA_USAGE_USER_CONTROL,PSL_DATA_USAGE_USER_CONTROL_OPTIONAL,,SINGLE_CHOICE,שימוש בנתונים וטיפול בהם (נתוני כושר) / האם הנתונים האלה נדרשים באפליקציה שלך או שהמשתמשים יכולים לבחור אם הם יאספו? / המשתמשים יכולים לבחור אם הנתונים האלה ייאספו
PSL_DATA_USAGE_RESPONSES:PSL_FITNESS:DATA_USAGE_USER_CONTROL,PSL_DATA_USAGE_USER_CONTROL_REQUIRED,,SINGLE_CHOICE,שימוש בנתונים וטיפול בהם (נתוני כושר) / האם הנתונים האלה נדרשים באפליקציה שלך או שהמשתמשים יכולים לבחור אם הם יאספו? / איסוף הנתונים נדרש (המשתמשים לא יכולים להשבית את איסוף הנתונים)
PSL_DATA_USAGE_RESPONSES:PSL_FITNESS:DATA_USAGE_COLLECTION_PURPOSE,PSL_APP_FUNCTIONALITY,,MULTIPLE_CHOICE,שימוש בנתונים וטיפול בהם (נתוני כושר) / למה נתוני המשתמשים האלה נאספים? יש לבחור בכל האפשרויות הרלוונטיות. / תכונות האפליקציה
PSL_DATA_USAGE_RESPONSES:PSL_FITNESS:DATA_USAGE_COLLECTION_PURPOSE,PSL_ANALYTICS,,MULTIPLE_CHOICE,שימוש בנתונים וטיפול בהם (נתוני כושר) / למה נתוני המשתמשים האלה נאספים? יש לבחור בכל האפשרויות הרלוונטיות. / Analytics
PSL_DATA_USAGE_RESPONSES:PSL_FITNESS:DATA_USAGE_COLLECTION_PURPOSE,PSL_DEVELOPER_COMMUNICATIONS,,MULTIPLE_CHOICE,שימוש בנתונים וטיפול בהם (נתוני כושר) / למה נתוני המשתמשים האלה נאספים? יש לבחור בכל האפשרויות הרלוונטיות. / הודעות מהמפתחים
PSL_DATA_USAGE_RESPONSES:PSL_FITNESS:DATA_USAGE_COLLECTION_PURPOSE,PSL_FRAUD_PREVENTION_SECURITY,,MULTIPLE_CHOICE,"שימוש בנתונים וטיפול בהם (נתוני כושר) / למה נתוני המשתמשים האלה נאספים? יש לבחור בכל האפשרויות הרלוונטיות. / מניעת הונאות, אבטחה ותאימות"
PSL_DATA_USAGE_RESPONSES:PSL_FITNESS:DATA_USAGE_COLLECTION_PURPOSE,PSL_ADVERTISING,,MULTIPLE_CHOICE,שימוש בנתונים וטיפול בהם (נתוני כושר) / למה נתוני המשתמשים האלה נאספים? יש לבחור בכל האפשרויות הרלוונטיות. / פרסום או שיווק
PSL_DATA_USAGE_RESPONSES:PSL_FITNESS:DATA_USAGE_COLLECTION_PURPOSE,PSL_PERSONALIZATION,,MULTIPLE_CHOICE,שימוש בנתונים וטיפול בהם (נתוני כושר) / למה נתוני המשתמשים האלה נאספים? יש לבחור בכל האפשרויות הרלוונטיות. / התאמה אישית
PSL_DATA_USAGE_RESPONSES:PSL_FITNESS:DATA_USAGE_COLLECTION_PURPOSE,PSL_ACCOUNT_MANAGEMENT,,MULTIPLE_CHOICE,שימוש בנתונים וטיפול בהם (נתוני כושר) / למה נתוני המשתמשים האלה נאספים? יש לבחור בכל האפשרויות הרלוונטיות. / ניהול החשבון
PSL_DATA_USAGE_RESPONSES:PSL_FITNESS:DATA_USAGE_SHARING_PURPOSE,PSL_APP_FUNCTIONALITY,,MULTIPLE_CHOICE,שימוש בנתונים וטיפול בהם (נתוני כושר) / למה נתוני המשתמשים האלה משותפים? יש לבחור בכל האפשרויות הרלוונטיות. / תכונות האפליקציה
PSL_DATA_USAGE_RESPONSES:PSL_FITNESS:DATA_USAGE_SHARING_PURPOSE,PSL_ANALYTICS,,MULTIPLE_CHOICE,שימוש בנתונים וטיפול בהם (נתוני כושר) / למה נתוני המשתמשים האלה משותפים? יש לבחור בכל האפשרויות הרלוונטיות. / Analytics
PSL_DATA_USAGE_RESPONSES:PSL_FITNESS:DATA_USAGE_SHARING_PURPOSE,PSL_DEVELOPER_COMMUNICATIONS,,MULTIPLE_CHOICE,שימוש בנתונים וטיפול בהם (נתוני כושר) / למה נתוני המשתמשים האלה משותפים? יש לבחור בכל האפשרויות הרלוונטיות. / הודעות מהמפתחים
PSL_DATA_USAGE_RESPONSES:PSL_FITNESS:DATA_USAGE_SHARING_PURPOSE,PSL_FRAUD_PREVENTION_SECURITY,,MULTIPLE_CHOICE,"שימוש בנתונים וטיפול בהם (נתוני כושר) / למה נתוני המשתמשים האלה משותפים? יש לבחור בכל האפשרויות הרלוונטיות. / מניעת הונאות, אבטחה ותאימות"
PSL_DATA_USAGE_RESPONSES:PSL_FITNESS:DATA_USAGE_SHARING_PURPOSE,PSL_ADVERTISING,,MULTIPLE_CHOICE,שימוש בנתונים וטיפול בהם (נתוני כושר) / למה נתוני המשתמשים האלה משותפים? יש לבחור בכל האפשרויות הרלוונטיות. / פרסום או שיווק
PSL_DATA_USAGE_RESPONSES:PSL_FITNESS:DATA_USAGE_SHARING_PURPOSE,PSL_PERSONALIZATION,,MULTIPLE_CHOICE,שימוש בנתונים וטיפול בהם (נתוני כושר) / למה נתוני המשתמשים האלה משותפים? יש לבחור בכל האפשרויות הרלוונטיות. / התאמה אישית
PSL_DATA_USAGE_RESPONSES:PSL_FITNESS:DATA_USAGE_SHARING_PURPOSE,PSL_ACCOUNT_MANAGEMENT,,MULTIPLE_CHOICE,שימוש בנתונים וטיפול בהם (נתוני כושר) / למה נתוני המשתמשים האלה משותפים? יש לבחור בכל האפשרויות הרלוונטיות. / ניהול החשבון
PSL_DATA_USAGE_RESPONSES:PSL_CONTACTS:PSL_DATA_USAGE_COLLECTION_AND_SHARING,PSL_DATA_USAGE_ONLY_COLLECTED,true,MULTIPLE_CHOICE,"שימוש בנתונים וטיפול בהם (אנשי קשר) / האם הנתונים האלה נאספים, משותפים או שניהם? / נאספים"
PSL_DATA_USAGE_RESPONSES:PSL_CONTACTS:PSL_DATA_USAGE_COLLECTION_AND_SHARING,PSL_DATA_USAGE_ONLY_SHARED,,MULTIPLE_CHOICE,"שימוש בנתונים וטיפול בהם (אנשי קשר) / האם הנתונים האלה נאספים, משותפים או שניהם? / משותפים"
PSL_DATA_USAGE_RESPONSES:PSL_CONTACTS:PSL_DATA_USAGE_EPHEMERAL,,true,MAYBE_REQUIRED,שימוש בנתונים וטיפול בהם (אנשי קשר) / האם הנתונים האלה מעובדים באופן זמני?
PSL_DATA_USAGE_RESPONSES:PSL_CONTACTS:DATA_USAGE_USER_CONTROL,PSL_DATA_USAGE_USER_CONTROL_OPTIONAL,true,SINGLE_CHOICE,שימוש בנתונים וטיפול בהם (אנשי קשר) / האם הנתונים האלה נדרשים באפליקציה שלך או שהמשתמשים יכולים לבחור אם הם יאספו? / המשתמשים יכולים לבחור אם הנתונים האלה ייאספו
PSL_DATA_USAGE_RESPONSES:PSL_CONTACTS:DATA_USAGE_USER_CONTROL,PSL_DATA_USAGE_USER_CONTROL_REQUIRED,,SINGLE_CHOICE,שימוש בנתונים וטיפול בהם (אנשי קשר) / האם הנתונים האלה נדרשים באפליקציה שלך או שהמשתמשים יכולים לבחור אם הם יאספו? / איסוף הנתונים נדרש (המשתמשים לא יכולים להשבית את איסוף הנתונים)
PSL_DATA_USAGE_RESPONSES:PSL_CONTACTS:DATA_USAGE_COLLECTION_PURPOSE,PSL_APP_FUNCTIONALITY,true,MULTIPLE_CHOICE,שימוש בנתונים וטיפול בהם (אנשי קשר) / למה נתוני המשתמשים האלה נאספים? יש לבחור בכל האפשרויות הרלוונטיות. / תכונות האפליקציה
PSL_DATA_USAGE_RESPONSES:PSL_CONTACTS:DATA_USAGE_COLLECTION_PURPOSE,PSL_ANALYTICS,,MULTIPLE_CHOICE,שימוש בנתונים וטיפול בהם (אנשי קשר) / למה נתוני המשתמשים האלה נאספים? יש לבחור בכל האפשרויות הרלוונטיות. / Analytics
PSL_DATA_USAGE_RESPONSES:PSL_CONTACTS:DATA_USAGE_COLLECTION_PURPOSE,PSL_DEVELOPER_COMMUNICATIONS,,MULTIPLE_CHOICE,שימוש בנתונים וטיפול בהם (אנשי קשר) / למה נתוני המשתמשים האלה נאספים? יש לבחור בכל האפשרויות הרלוונטיות. / הודעות מהמפתחים
PSL_DATA_USAGE_RESPONSES:PSL_CONTACTS:DATA_USAGE_COLLECTION_PURPOSE,PSL_FRAUD_PREVENTION_SECURITY,,MULTIPLE_CHOICE,"שימוש בנתונים וטיפול בהם (אנשי קשר) / למה נתוני המשתמשים האלה נאספים? יש לבחור בכל האפשרויות הרלוונטיות. / מניעת הונאות, אבטחה ותאימות"
PSL_DATA_USAGE_RESPONSES:PSL_CONTACTS:DATA_USAGE_COLLECTION_PURPOSE,PSL_ADVERTISING,,MULTIPLE_CHOICE,שימוש בנתונים וטיפול בהם (אנשי קשר) / למה נתוני המשתמשים האלה נאספים? יש לבחור בכל האפשרויות הרלוונטיות. / פרסום או שיווק
PSL_DATA_USAGE_RESPONSES:PSL_CONTACTS:DATA_USAGE_COLLECTION_PURPOSE,PSL_PERSONALIZATION,,MULTIPLE_CHOICE,שימוש בנתונים וטיפול בהם (אנשי קשר) / למה נתוני המשתמשים האלה נאספים? יש לבחור בכל האפשרויות הרלוונטיות. / התאמה אישית
PSL_DATA_USAGE_RESPONSES:PSL_CONTACTS:DATA_USAGE_COLLECTION_PURPOSE,PSL_ACCOUNT_MANAGEMENT,,MULTIPLE_CHOICE,שימוש בנתונים וטיפול בהם (אנשי קשר) / למה נתוני המשתמשים האלה נאספים? יש לבחור בכל האפשרויות הרלוונטיות. / ניהול החשבון
PSL_DATA_USAGE_RESPONSES:PSL_CONTACTS:DATA_USAGE_SHARING_PURPOSE,PSL_APP_FUNCTIONALITY,,MULTIPLE_CHOICE,שימוש בנתונים וטיפול בהם (אנשי קשר) / למה נתוני המשתמשים האלה משותפים? יש לבחור בכל האפשרויות הרלוונטיות. / תכונות האפליקציה
PSL_DATA_USAGE_RESPONSES:PSL_CONTACTS:DATA_USAGE_SHARING_PURPOSE,PSL_ANALYTICS,,MULTIPLE_CHOICE,שימוש בנתונים וטיפול בהם (אנשי קשר) / למה נתוני המשתמשים האלה משותפים? יש לבחור בכל האפשרויות הרלוונטיות. / Analytics
PSL_DATA_USAGE_RESPONSES:PSL_CONTACTS:DATA_USAGE_SHARING_PURPOSE,PSL_DEVELOPER_COMMUNICATIONS,,MULTIPLE_CHOICE,שימוש בנתונים וטיפול בהם (אנשי קשר) / למה נתוני המשתמשים האלה משותפים? יש לבחור בכל האפשרויות הרלוונטיות. / הודעות מהמפתחים
PSL_DATA_USAGE_RESPONSES:PSL_CONTACTS:DATA_USAGE_SHARING_PURPOSE,PSL_FRAUD_PREVENTION_SECURITY,,MULTIPLE_CHOICE,"שימוש בנתונים וטיפול בהם (אנשי קשר) / למה נתוני המשתמשים האלה משותפים? יש לבחור בכל האפשרויות הרלוונטיות. / מניעת הונאות, אבטחה ותאימות"
PSL_DATA_USAGE_RESPONSES:PSL_CONTACTS:DATA_USAGE_SHARING_PURPOSE,PSL_ADVERTISING,,MULTIPLE_CHOICE,שימוש בנתונים וטיפול בהם (אנשי קשר) / למה נתוני המשתמשים האלה משותפים? יש לבחור בכל האפשרויות הרלוונטיות. / פרסום או שיווק
PSL_DATA_USAGE_RESPONSES:PSL_CONTACTS:DATA_USAGE_SHARING_PURPOSE,PSL_PERSONALIZATION,,MULTIPLE_CHOICE,שימוש בנתונים וטיפול בהם (אנשי קשר) / למה נתוני המשתמשים האלה משותפים? יש לבחור בכל האפשרויות הרלוונטיות. / התאמה אישית
PSL_DATA_USAGE_RESPONSES:PSL_CONTACTS:DATA_USAGE_SHARING_PURPOSE,PSL_ACCOUNT_MANAGEMENT,,MULTIPLE_CHOICE,שימוש בנתונים וטיפול בהם (אנשי קשר) / למה נתוני המשתמשים האלה משותפים? יש לבחור בכל האפשרויות הרלוונטיות. / ניהול החשבון
PSL_DATA_USAGE_RESPONSES:PSL_CALENDAR:PSL_DATA_USAGE_COLLECTION_AND_SHARING,PSL_DATA_USAGE_ONLY_COLLECTED,,MULTIPLE_CHOICE,"שימוש בנתונים וטיפול בהם (אירועים ביומן) / האם הנתונים האלה נאספים, משותפים או שניהם? / נאספים"
PSL_DATA_USAGE_RESPONSES:PSL_CALENDAR:PSL_DATA_USAGE_COLLECTION_AND_SHARING,PSL_DATA_USAGE_ONLY_SHARED,,MULTIPLE_CHOICE,"שימוש בנתונים וטיפול בהם (אירועים ביומן) / האם הנתונים האלה נאספים, משותפים או שניהם? / משותפים"
PSL_DATA_USAGE_RESPONSES:PSL_CALENDAR:PSL_DATA_USAGE_EPHEMERAL,,,MAYBE_REQUIRED,שימוש בנתונים וטיפול בהם (אירועים ביומן) / האם הנתונים האלה מעובדים באופן זמני?
PSL_DATA_USAGE_RESPONSES:PSL_CALENDAR:DATA_USAGE_USER_CONTROL,PSL_DATA_USAGE_USER_CONTROL_OPTIONAL,,SINGLE_CHOICE,שימוש בנתונים וטיפול בהם (אירועים ביומן) / האם הנתונים האלה נדרשים באפליקציה שלך או שהמשתמשים יכולים לבחור אם הם יאספו? / המשתמשים יכולים לבחור אם הנתונים האלה ייאספו
PSL_DATA_USAGE_RESPONSES:PSL_CALENDAR:DATA_USAGE_USER_CONTROL,PSL_DATA_USAGE_USER_CONTROL_REQUIRED,,SINGLE_CHOICE,שימוש בנתונים וטיפול בהם (אירועים ביומן) / האם הנתונים האלה נדרשים באפליקציה שלך או שהמשתמשים יכולים לבחור אם הם יאספו? / איסוף הנתונים נדרש (המשתמשים לא יכולים להשבית את איסוף הנתונים)
PSL_DATA_USAGE_RESPONSES:PSL_CALENDAR:DATA_USAGE_COLLECTION_PURPOSE,PSL_APP_FUNCTIONALITY,,MULTIPLE_CHOICE,שימוש בנתונים וטיפול בהם (אירועים ביומן) / למה נתוני המשתמשים האלה נאספים? יש לבחור בכל האפשרויות הרלוונטיות. / תכונות האפליקציה
PSL_DATA_USAGE_RESPONSES:PSL_CALENDAR:DATA_USAGE_COLLECTION_PURPOSE,PSL_ANALYTICS,,MULTIPLE_CHOICE,שימוש בנתונים וטיפול בהם (אירועים ביומן) / למה נתוני המשתמשים האלה נאספים? יש לבחור בכל האפשרויות הרלוונטיות. / Analytics
PSL_DATA_USAGE_RESPONSES:PSL_CALENDAR:DATA_USAGE_COLLECTION_PURPOSE,PSL_DEVELOPER_COMMUNICATIONS,,MULTIPLE_CHOICE,שימוש בנתונים וטיפול בהם (אירועים ביומן) / למה נתוני המשתמשים האלה נאספים? יש לבחור בכל האפשרויות הרלוונטיות. / הודעות מהמפתחים
PSL_DATA_USAGE_RESPONSES:PSL_CALENDAR:DATA_USAGE_COLLECTION_PURPOSE,PSL_FRAUD_PREVENTION_SECURITY,,MULTIPLE_CHOICE,"שימוש בנתונים וטיפול בהם (אירועים ביומן) / למה נתוני המשתמשים האלה נאספים? יש לבחור בכל האפשרויות הרלוונטיות. / מניעת הונאות, אבטחה ותאימות"
PSL_DATA_USAGE_RESPONSES:PSL_CALENDAR:DATA_USAGE_COLLECTION_PURPOSE,PSL_ADVERTISING,,MULTIPLE_CHOICE,שימוש בנתונים וטיפול בהם (אירועים ביומן) / למה נתוני המשתמשים האלה נאספים? יש לבחור בכל האפשרויות הרלוונטיות. / פרסום או שיווק
PSL_DATA_USAGE_RESPONSES:PSL_CALENDAR:DATA_USAGE_COLLECTION_PURPOSE,PSL_PERSONALIZATION,,MULTIPLE_CHOICE,שימוש בנתונים וטיפול בהם (אירועים ביומן) / למה נתוני המשתמשים האלה נאספים? יש לבחור בכל האפשרויות הרלוונטיות. / התאמה אישית
PSL_DATA_USAGE_RESPONSES:PSL_CALENDAR:DATA_USAGE_COLLECTION_PURPOSE,PSL_ACCOUNT_MANAGEMENT,,MULTIPLE_CHOICE,שימוש בנתונים וטיפול בהם (אירועים ביומן) / למה נתוני המשתמשים האלה נאספים? יש לבחור בכל האפשרויות הרלוונטיות. / ניהול החשבון
PSL_DATA_USAGE_RESPONSES:PSL_CALENDAR:DATA_USAGE_SHARING_PURPOSE,PSL_APP_FUNCTIONALITY,,MULTIPLE_CHOICE,שימוש בנתונים וטיפול בהם (אירועים ביומן) / למה נתוני המשתמשים האלה משותפים? יש לבחור בכל האפשרויות הרלוונטיות. / תכונות האפליקציה
PSL_DATA_USAGE_RESPONSES:PSL_CALENDAR:DATA_USAGE_SHARING_PURPOSE,PSL_ANALYTICS,,MULTIPLE_CHOICE,שימוש בנתונים וטיפול בהם (אירועים ביומן) / למה נתוני המשתמשים האלה משותפים? יש לבחור בכל האפשרויות הרלוונטיות. / Analytics
PSL_DATA_USAGE_RESPONSES:PSL_CALENDAR:DATA_USAGE_SHARING_PURPOSE,PSL_DEVELOPER_COMMUNICATIONS,,MULTIPLE_CHOICE,שימוש בנתונים וטיפול בהם (אירועים ביומן) / למה נתוני המשתמשים האלה משותפים? יש לבחור בכל האפשרויות הרלוונטיות. / הודעות מהמפתחים
PSL_DATA_USAGE_RESPONSES:PSL_CALENDAR:DATA_USAGE_SHARING_PURPOSE,PSL_FRAUD_PREVENTION_SECURITY,,MULTIPLE_CHOICE,"שימוש בנתונים וטיפול בהם (אירועים ביומן) / למה נתוני המשתמשים האלה משותפים? יש לבחור בכל האפשרויות הרלוונטיות. / מניעת הונאות, אבטחה ותאימות"
PSL_DATA_USAGE_RESPONSES:PSL_CALENDAR:DATA_USAGE_SHARING_PURPOSE,PSL_ADVERTISING,,MULTIPLE_CHOICE,שימוש בנתונים וטיפול בהם (אירועים ביומן) / למה נתוני המשתמשים האלה משותפים? יש לבחור בכל האפשרויות הרלוונטיות. / פרסום או שיווק
PSL_DATA_USAGE_RESPONSES:PSL_CALENDAR:DATA_USAGE_SHARING_PURPOSE,PSL_PERSONALIZATION,,MULTIPLE_CHOICE,שימוש בנתונים וטיפול בהם (אירועים ביומן) / למה נתוני המשתמשים האלה משותפים? יש לבחור בכל האפשרויות הרלוונטיות. / התאמה אישית
PSL_DATA_USAGE_RESPONSES:PSL_CALENDAR:DATA_USAGE_SHARING_PURPOSE,PSL_ACCOUNT_MANAGEMENT,,MULTIPLE_CHOICE,שימוש בנתונים וטיפול בהם (אירועים ביומן) / למה נתוני המשתמשים האלה משותפים? יש לבחור בכל האפשרויות הרלוונטיות. / ניהול החשבון
PSL_DATA_USAGE_RESPONSES:PSL_CRASH_LOGS:PSL_DATA_USAGE_COLLECTION_AND_SHARING,PSL_DATA_USAGE_ONLY_COLLECTED,,MULTIPLE_CHOICE,"שימוש בנתונים וטיפול בהם (יומני קריסה) / האם הנתונים האלה נאספים, משותפים או שניהם? / נאספים"
PSL_DATA_USAGE_RESPONSES:PSL_CRASH_LOGS:PSL_DATA_USAGE_COLLECTION_AND_SHARING,PSL_DATA_USAGE_ONLY_SHARED,,MULTIPLE_CHOICE,"שימוש בנתונים וטיפול בהם (יומני קריסה) / האם הנתונים האלה נאספים, משותפים או שניהם? / משותפים"
PSL_DATA_USAGE_RESPONSES:PSL_CRASH_LOGS:PSL_DATA_USAGE_EPHEMERAL,,,MAYBE_REQUIRED,שימוש בנתונים וטיפול בהם (יומני קריסה) / האם הנתונים האלה מעובדים באופן זמני?
PSL_DATA_USAGE_RESPONSES:PSL_CRASH_LOGS:DATA_USAGE_USER_CONTROL,PSL_DATA_USAGE_USER_CONTROL_OPTIONAL,,SINGLE_CHOICE,שימוש בנתונים וטיפול בהם (יומני קריסה) / האם הנתונים האלה נדרשים באפליקציה שלך או שהמשתמשים יכולים לבחור אם הם יאספו? / המשתמשים יכולים לבחור אם הנתונים האלה ייאספו
PSL_DATA_USAGE_RESPONSES:PSL_CRASH_LOGS:DATA_USAGE_USER_CONTROL,PSL_DATA_USAGE_USER_CONTROL_REQUIRED,,SINGLE_CHOICE,שימוש בנתונים וטיפול בהם (יומני קריסה) / האם הנתונים האלה נדרשים באפליקציה שלך או שהמשתמשים יכולים לבחור אם הם יאספו? / איסוף הנתונים נדרש (המשתמשים לא יכולים להשבית את איסוף הנתונים)
PSL_DATA_USAGE_RESPONSES:PSL_CRASH_LOGS:DATA_USAGE_COLLECTION_PURPOSE,PSL_APP_FUNCTIONALITY,,MULTIPLE_CHOICE,שימוש בנתונים וטיפול בהם (יומני קריסה) / למה נתוני המשתמשים האלה נאספים? יש לבחור בכל האפשרויות הרלוונטיות. / תכונות האפליקציה
PSL_DATA_USAGE_RESPONSES:PSL_CRASH_LOGS:DATA_USAGE_COLLECTION_PURPOSE,PSL_ANALYTICS,,MULTIPLE_CHOICE,שימוש בנתונים וטיפול בהם (יומני קריסה) / למה נתוני המשתמשים האלה נאספים? יש לבחור בכל האפשרויות הרלוונטיות. / Analytics
PSL_DATA_USAGE_RESPONSES:PSL_CRASH_LOGS:DATA_USAGE_COLLECTION_PURPOSE,PSL_DEVELOPER_COMMUNICATIONS,,MULTIPLE_CHOICE,שימוש בנתונים וטיפול בהם (יומני קריסה) / למה נתוני המשתמשים האלה נאספים? יש לבחור בכל האפשרויות הרלוונטיות. / הודעות מהמפתחים
PSL_DATA_USAGE_RESPONSES:PSL_CRASH_LOGS:DATA_USAGE_COLLECTION_PURPOSE,PSL_FRAUD_PREVENTION_SECURITY,,MULTIPLE_CHOICE,"שימוש בנתונים וטיפול בהם (יומני קריסה) / למה נתוני המשתמשים האלה נאספים? יש לבחור בכל האפשרויות הרלוונטיות. / מניעת הונאות, אבטחה ותאימות"
PSL_DATA_USAGE_RESPONSES:PSL_CRASH_LOGS:DATA_USAGE_COLLECTION_PURPOSE,PSL_ADVERTISING,,MULTIPLE_CHOICE,שימוש בנתונים וטיפול בהם (יומני קריסה) / למה נתוני המשתמשים האלה נאספים? יש לבחור בכל האפשרויות הרלוונטיות. / פרסום או שיווק
PSL_DATA_USAGE_RESPONSES:PSL_CRASH_LOGS:DATA_USAGE_COLLECTION_PURPOSE,PSL_PERSONALIZATION,,MULTIPLE_CHOICE,שימוש בנתונים וטיפול בהם (יומני קריסה) / למה נתוני המשתמשים האלה נאספים? יש לבחור בכל האפשרויות הרלוונטיות. / התאמה אישית
PSL_DATA_USAGE_RESPONSES:PSL_CRASH_LOGS:DATA_USAGE_COLLECTION_PURPOSE,PSL_ACCOUNT_MANAGEMENT,,MULTIPLE_CHOICE,שימוש בנתונים וטיפול בהם (יומני קריסה) / למה נתוני המשתמשים האלה נאספים? יש לבחור בכל האפשרויות הרלוונטיות. / ניהול החשבון
PSL_DATA_USAGE_RESPONSES:PSL_CRASH_LOGS:DATA_USAGE_SHARING_PURPOSE,PSL_APP_FUNCTIONALITY,,MULTIPLE_CHOICE,שימוש בנתונים וטיפול בהם (יומני קריסה) / למה נתוני המשתמשים האלה משותפים? יש לבחור בכל האפשרויות הרלוונטיות. / תכונות האפליקציה
PSL_DATA_USAGE_RESPONSES:PSL_CRASH_LOGS:DATA_USAGE_SHARING_PURPOSE,PSL_ANALYTICS,,MULTIPLE_CHOICE,שימוש בנתונים וטיפול בהם (יומני קריסה) / למה נתוני המשתמשים האלה משותפים? יש לבחור בכל האפשרויות הרלוונטיות. / Analytics
PSL_DATA_USAGE_RESPONSES:PSL_CRASH_LOGS:DATA_USAGE_SHARING_PURPOSE,PSL_DEVELOPER_COMMUNICATIONS,,MULTIPLE_CHOICE,שימוש בנתונים וטיפול בהם (יומני קריסה) / למה נתוני המשתמשים האלה משותפים? יש לבחור בכל האפשרויות הרלוונטיות. / הודעות מהמפתחים
PSL_DATA_USAGE_RESPONSES:PSL_CRASH_LOGS:DATA_USAGE_SHARING_PURPOSE,PSL_FRAUD_PREVENTION_SECURITY,,MULTIPLE_CHOICE,"שימוש בנתונים וטיפול בהם (יומני קריסה) / למה נתוני המשתמשים האלה משותפים? יש לבחור בכל האפשרויות הרלוונטיות. / מניעת הונאות, אבטחה ותאימות"
PSL_DATA_USAGE_RESPONSES:PSL_CRASH_LOGS:DATA_USAGE_SHARING_PURPOSE,PSL_ADVERTISING,,MULTIPLE_CHOICE,שימוש בנתונים וטיפול בהם (יומני קריסה) / למה נתוני המשתמשים האלה משותפים? יש לבחור בכל האפשרויות הרלוונטיות. / פרסום או שיווק
PSL_DATA_USAGE_RESPONSES:PSL_CRASH_LOGS:DATA_USAGE_SHARING_PURPOSE,PSL_PERSONALIZATION,,MULTIPLE_CHOICE,שימוש בנתונים וטיפול בהם (יומני קריסה) / למה נתוני המשתמשים האלה משותפים? יש לבחור בכל האפשרויות הרלוונטיות. / התאמה אישית
PSL_DATA_USAGE_RESPONSES:PSL_CRASH_LOGS:DATA_USAGE_SHARING_PURPOSE,PSL_ACCOUNT_MANAGEMENT,,MULTIPLE_CHOICE,שימוש בנתונים וטיפול בהם (יומני קריסה) / למה נתוני המשתמשים האלה משותפים? יש לבחור בכל האפשרויות הרלוונטיות. / ניהול החשבון
PSL_DATA_USAGE_RESPONSES:PSL_PERFORMANCE_DIAGNOSTICS:PSL_DATA_USAGE_COLLECTION_AND_SHARING,PSL_DATA_USAGE_ONLY_COLLECTED,,MULTIPLE_CHOICE,"שימוש בנתונים וטיפול בהם (ניתוחים) / האם הנתונים האלה נאספים, משותפים או שניהם? / נאספים"
PSL_DATA_USAGE_RESPONSES:PSL_PERFORMANCE_DIAGNOSTICS:PSL_DATA_USAGE_COLLECTION_AND_SHARING,PSL_DATA_USAGE_ONLY_SHARED,,MULTIPLE_CHOICE,"שימוש בנתונים וטיפול בהם (ניתוחים) / האם הנתונים האלה נאספים, משותפים או שניהם? / משותפים"
PSL_DATA_USAGE_RESPONSES:PSL_PERFORMANCE_DIAGNOSTICS:PSL_DATA_USAGE_EPHEMERAL,,,MAYBE_REQUIRED,שימוש בנתונים וטיפול בהם (ניתוחים) / האם הנתונים האלה מעובדים באופן זמני?
PSL_DATA_USAGE_RESPONSES:PSL_PERFORMANCE_DIAGNOSTICS:DATA_USAGE_USER_CONTROL,PSL_DATA_USAGE_USER_CONTROL_OPTIONAL,,SINGLE_CHOICE,שימוש בנתונים וטיפול בהם (ניתוחים) / האם הנתונים האלה נדרשים באפליקציה שלך או שהמשתמשים יכולים לבחור אם הם יאספו? / המשתמשים יכולים לבחור אם הנתונים האלה ייאספו
PSL_DATA_USAGE_RESPONSES:PSL_PERFORMANCE_DIAGNOSTICS:DATA_USAGE_USER_CONTROL,PSL_DATA_USAGE_USER_CONTROL_REQUIRED,,SINGLE_CHOICE,שימוש בנתונים וטיפול בהם (ניתוחים) / האם הנתונים האלה נדרשים באפליקציה שלך או שהמשתמשים יכולים לבחור אם הם יאספו? / איסוף הנתונים נדרש (המשתמשים לא יכולים להשבית את איסוף הנתונים)
PSL_DATA_USAGE_RESPONSES:PSL_PERFORMANCE_DIAGNOSTICS:DATA_USAGE_COLLECTION_PURPOSE,PSL_APP_FUNCTIONALITY,,MULTIPLE_CHOICE,שימוש בנתונים וטיפול בהם (ניתוחים) / למה נתוני המשתמשים האלה נאספים? יש לבחור בכל האפשרויות הרלוונטיות. / תכונות האפליקציה
PSL_DATA_USAGE_RESPONSES:PSL_PERFORMANCE_DIAGNOSTICS:DATA_USAGE_COLLECTION_PURPOSE,PSL_ANALYTICS,,MULTIPLE_CHOICE,שימוש בנתונים וטיפול בהם (ניתוחים) / למה נתוני המשתמשים האלה נאספים? יש לבחור בכל האפשרויות הרלוונטיות. / Analytics
PSL_DATA_USAGE_RESPONSES:PSL_PERFORMANCE_DIAGNOSTICS:DATA_USAGE_COLLECTION_PURPOSE,PSL_DEVELOPER_COMMUNICATIONS,,MULTIPLE_CHOICE,שימוש בנתונים וטיפול בהם (ניתוחים) / למה נתוני המשתמשים האלה נאספים? יש לבחור בכל האפשרויות הרלוונטיות. / הודעות מהמפתחים
PSL_DATA_USAGE_RESPONSES:PSL_PERFORMANCE_DIAGNOSTICS:DATA_USAGE_COLLECTION_PURPOSE,PSL_FRAUD_PREVENTION_SECURITY,,MULTIPLE_CHOICE,"שימוש בנתונים וטיפול בהם (ניתוחים) / למה נתוני המשתמשים האלה נאספים? יש לבחור בכל האפשרויות הרלוונטיות. / מניעת הונאות, אבטחה ותאימות"
PSL_DATA_USAGE_RESPONSES:PSL_PERFORMANCE_DIAGNOSTICS:DATA_USAGE_COLLECTION_PURPOSE,PSL_ADVERTISING,,MULTIPLE_CHOICE,שימוש בנתונים וטיפול בהם (ניתוחים) / למה נתוני המשתמשים האלה נאספים? יש לבחור בכל האפשרויות הרלוונטיות. / פרסום או שיווק
PSL_DATA_USAGE_RESPONSES:PSL_PERFORMANCE_DIAGNOSTICS:DATA_USAGE_COLLECTION_PURPOSE,PSL_PERSONALIZATION,,MULTIPLE_CHOICE,שימוש בנתונים וטיפול בהם (ניתוחים) / למה נתוני המשתמשים האלה נאספים? יש לבחור בכל האפשרויות הרלוונטיות. / התאמה אישית
PSL_DATA_USAGE_RESPONSES:PSL_PERFORMANCE_DIAGNOSTICS:DATA_USAGE_COLLECTION_PURPOSE,PSL_ACCOUNT_MANAGEMENT,,MULTIPLE_CHOICE,שימוש בנתונים וטיפול בהם (ניתוחים) / למה נתוני המשתמשים האלה נאספים? יש לבחור בכל האפשרויות הרלוונטיות. / ניהול החשבון
PSL_DATA_USAGE_RESPONSES:PSL_PERFORMANCE_DIAGNOSTICS:DATA_USAGE_SHARING_PURPOSE,PSL_APP_FUNCTIONALITY,,MULTIPLE_CHOICE,שימוש בנתונים וטיפול בהם (ניתוחים) / למה נתוני המשתמשים האלה משותפים? יש לבחור בכל האפשרויות הרלוונטיות. / תכונות האפליקציה
PSL_DATA_USAGE_RESPONSES:PSL_PERFORMANCE_DIAGNOSTICS:DATA_USAGE_SHARING_PURPOSE,PSL_ANALYTICS,,MULTIPLE_CHOICE,שימוש בנתונים וטיפול בהם (ניתוחים) / למה נתוני המשתמשים האלה משותפים? יש לבחור בכל האפשרויות הרלוונטיות. / Analytics
PSL_DATA_USAGE_RESPONSES:PSL_PERFORMANCE_DIAGNOSTICS:DATA_USAGE_SHARING_PURPOSE,PSL_DEVELOPER_COMMUNICATIONS,,MULTIPLE_CHOICE,שימוש בנתונים וטיפול בהם (ניתוחים) / למה נתוני המשתמשים האלה משותפים? יש לבחור בכל האפשרויות הרלוונטיות. / הודעות מהמפתחים
PSL_DATA_USAGE_RESPONSES:PSL_PERFORMANCE_DIAGNOSTICS:DATA_USAGE_SHARING_PURPOSE,PSL_FRAUD_PREVENTION_SECURITY,,MULTIPLE_CHOICE,"שימוש בנתונים וטיפול בהם (ניתוחים) / למה נתוני המשתמשים האלה משותפים? יש לבחור בכל האפשרויות הרלוונטיות. / מניעת הונאות, אבטחה ותאימות"
PSL_DATA_USAGE_RESPONSES:PSL_PERFORMANCE_DIAGNOSTICS:DATA_USAGE_SHARING_PURPOSE,PSL_ADVERTISING,,MULTIPLE_CHOICE,שימוש בנתונים וטיפול בהם (ניתוחים) / למה נתוני המשתמשים האלה משותפים? יש לבחור בכל האפשרויות הרלוונטיות. / פרסום או שיווק
PSL_DATA_USAGE_RESPONSES:PSL_PERFORMANCE_DIAGNOSTICS:DATA_USAGE_SHARING_PURPOSE,PSL_PERSONALIZATION,,MULTIPLE_CHOICE,שימוש בנתונים וטיפול בהם (ניתוחים) / למה נתוני המשתמשים האלה משותפים? יש לבחור בכל האפשרויות הרלוונטיות. / התאמה אישית
PSL_DATA_USAGE_RESPONSES:PSL_PERFORMANCE_DIAGNOSTICS:DATA_USAGE_SHARING_PURPOSE,PSL_ACCOUNT_MANAGEMENT,,MULTIPLE_CHOICE,שימוש בנתונים וטיפול בהם (ניתוחים) / למה נתוני המשתמשים האלה משותפים? יש לבחור בכל האפשרויות הרלוונטיות. / ניהול החשבון
PSL_DATA_USAGE_RESPONSES:PSL_OTHER_PERFORMANCE:PSL_DATA_USAGE_COLLECTION_AND_SHARING,PSL_DATA_USAGE_ONLY_COLLECTED,,MULTIPLE_CHOICE,"שימוש בנתונים וטיפול בהם (נתונים אחרים של ביצועי האפליקציה) / האם הנתונים האלה נאספים, משותפים או שניהם? / נאספים"
PSL_DATA_USAGE_RESPONSES:PSL_OTHER_PERFORMANCE:PSL_DATA_USAGE_COLLECTION_AND_SHARING,PSL_DATA_USAGE_ONLY_SHARED,,MULTIPLE_CHOICE,"שימוש בנתונים וטיפול בהם (נתונים אחרים של ביצועי האפליקציה) / האם הנתונים האלה נאספים, משותפים או שניהם? / משותפים"
PSL_DATA_USAGE_RESPONSES:PSL_OTHER_PERFORMANCE:PSL_DATA_USAGE_EPHEMERAL,,,MAYBE_REQUIRED,שימוש בנתונים וטיפול בהם (נתונים אחרים של ביצועי האפליקציה) / האם הנתונים האלה מעובדים באופן זמני?
PSL_DATA_USAGE_RESPONSES:PSL_OTHER_PERFORMANCE:DATA_USAGE_USER_CONTROL,PSL_DATA_USAGE_USER_CONTROL_OPTIONAL,,SINGLE_CHOICE,שימוש בנתונים וטיפול בהם (נתונים אחרים של ביצועי האפליקציה) / האם הנתונים האלה נדרשים באפליקציה שלך או שהמשתמשים יכולים לבחור אם הם יאספו? / המשתמשים יכולים לבחור אם הנתונים האלה ייאספו
PSL_DATA_USAGE_RESPONSES:PSL_OTHER_PERFORMANCE:DATA_USAGE_USER_CONTROL,PSL_DATA_USAGE_USER_CONTROL_REQUIRED,,SINGLE_CHOICE,שימוש בנתונים וטיפול בהם (נתונים אחרים של ביצועי האפליקציה) / האם הנתונים האלה נדרשים באפליקציה שלך או שהמשתמשים יכולים לבחור אם הם יאספו? / איסוף הנתונים נדרש (המשתמשים לא יכולים להשבית את איסוף הנתונים)
PSL_DATA_USAGE_RESPONSES:PSL_OTHER_PERFORMANCE:DATA_USAGE_COLLECTION_PURPOSE,PSL_APP_FUNCTIONALITY,,MULTIPLE_CHOICE,שימוש בנתונים וטיפול בהם (נתונים אחרים של ביצועי האפליקציה) / למה נתוני המשתמשים האלה נאספים? יש לבחור בכל האפשרויות הרלוונטיות. / תכונות האפליקציה
PSL_DATA_USAGE_RESPONSES:PSL_OTHER_PERFORMANCE:DATA_USAGE_COLLECTION_PURPOSE,PSL_ANALYTICS,,MULTIPLE_CHOICE,שימוש בנתונים וטיפול בהם (נתונים אחרים של ביצועי האפליקציה) / למה נתוני המשתמשים האלה נאספים? יש לבחור בכל האפשרויות הרלוונטיות. / Analytics
PSL_DATA_USAGE_RESPONSES:PSL_OTHER_PERFORMANCE:DATA_USAGE_COLLECTION_PURPOSE,PSL_DEVELOPER_COMMUNICATIONS,,MULTIPLE_CHOICE,שימוש בנתונים וטיפול בהם (נתונים אחרים של ביצועי האפליקציה) / למה נתוני המשתמשים האלה נאספים? יש לבחור בכל האפשרויות הרלוונטיות. / הודעות מהמפתחים
PSL_DATA_USAGE_RESPONSES:PSL_OTHER_PERFORMANCE:DATA_USAGE_COLLECTION_PURPOSE,PSL_FRAUD_PREVENTION_SECURITY,,MULTIPLE_CHOICE,"שימוש בנתונים וטיפול בהם (נתונים אחרים של ביצועי האפליקציה) / למה נתוני המשתמשים האלה נאספים? יש לבחור בכל האפשרויות הרלוונטיות. / מניעת הונאות, אבטחה ותאימות"
PSL_DATA_USAGE_RESPONSES:PSL_OTHER_PERFORMANCE:DATA_USAGE_COLLECTION_PURPOSE,PSL_ADVERTISING,,MULTIPLE_CHOICE,שימוש בנתונים וטיפול בהם (נתונים אחרים של ביצועי האפליקציה) / למה נתוני המשתמשים האלה נאספים? יש לבחור בכל האפשרויות הרלוונטיות. / פרסום או שיווק
PSL_DATA_USAGE_RESPONSES:PSL_OTHER_PERFORMANCE:DATA_USAGE_COLLECTION_PURPOSE,PSL_PERSONALIZATION,,MULTIPLE_CHOICE,שימוש בנתונים וטיפול בהם (נתונים אחרים של ביצועי האפליקציה) / למה נתוני המשתמשים האלה נאספים? יש לבחור בכל האפשרויות הרלוונטיות. / התאמה אישית
PSL_DATA_USAGE_RESPONSES:PSL_OTHER_PERFORMANCE:DATA_USAGE_COLLECTION_PURPOSE,PSL_ACCOUNT_MANAGEMENT,,MULTIPLE_CHOICE,שימוש בנתונים וטיפול בהם (נתונים אחרים של ביצועי האפליקציה) / למה נתוני המשתמשים האלה נאספים? יש לבחור בכל האפשרויות הרלוונטיות. / ניהול החשבון
PSL_DATA_USAGE_RESPONSES:PSL_OTHER_PERFORMANCE:DATA_USAGE_SHARING_PURPOSE,PSL_APP_FUNCTIONALITY,,MULTIPLE_CHOICE,שימוש בנתונים וטיפול בהם (נתונים אחרים של ביצועי האפליקציה) / למה נתוני המשתמשים האלה משותפים? יש לבחור בכל האפשרויות הרלוונטיות. / תכונות האפליקציה
PSL_DATA_USAGE_RESPONSES:PSL_OTHER_PERFORMANCE:DATA_USAGE_SHARING_PURPOSE,PSL_ANALYTICS,,MULTIPLE_CHOICE,שימוש בנתונים וטיפול בהם (נתונים אחרים של ביצועי האפליקציה) / למה נתוני המשתמשים האלה משותפים? יש לבחור בכל האפשרויות הרלוונטיות. / Analytics
PSL_DATA_USAGE_RESPONSES:PSL_OTHER_PERFORMANCE:DATA_USAGE_SHARING_PURPOSE,PSL_DEVELOPER_COMMUNICATIONS,,MULTIPLE_CHOICE,שימוש בנתונים וטיפול בהם (נתונים אחרים של ביצועי האפליקציה) / למה נתוני המשתמשים האלה משותפים? יש לבחור בכל האפשרויות הרלוונטיות. / הודעות מהמפתחים
PSL_DATA_USAGE_RESPONSES:PSL_OTHER_PERFORMANCE:DATA_USAGE_SHARING_PURPOSE,PSL_FRAUD_PREVENTION_SECURITY,,MULTIPLE_CHOICE,"שימוש בנתונים וטיפול בהם (נתונים אחרים של ביצועי האפליקציה) / למה נתוני המשתמשים האלה משותפים? יש לבחור בכל האפשרויות הרלוונטיות. / מניעת הונאות, אבטחה ותאימות"
PSL_DATA_USAGE_RESPONSES:PSL_OTHER_PERFORMANCE:DATA_USAGE_SHARING_PURPOSE,PSL_ADVERTISING,,MULTIPLE_CHOICE,שימוש בנתונים וטיפול בהם (נתונים אחרים של ביצועי האפליקציה) / למה נתוני המשתמשים האלה משותפים? יש לבחור בכל האפשרויות הרלוונטיות. / פרסום או שיווק
PSL_DATA_USAGE_RESPONSES:PSL_OTHER_PERFORMANCE:DATA_USAGE_SHARING_PURPOSE,PSL_PERSONALIZATION,,MULTIPLE_CHOICE,שימוש בנתונים וטיפול בהם (נתונים אחרים של ביצועי האפליקציה) / למה נתוני המשתמשים האלה משותפים? יש לבחור בכל האפשרויות הרלוונטיות. / התאמה אישית
PSL_DATA_USAGE_RESPONSES:PSL_OTHER_PERFORMANCE:DATA_USAGE_SHARING_PURPOSE,PSL_ACCOUNT_MANAGEMENT,,MULTIPLE_CHOICE,שימוש בנתונים וטיפול בהם (נתונים אחרים של ביצועי האפליקציה) / למה נתוני המשתמשים האלה משותפים? יש לבחור בכל האפשרויות הרלוונטיות. / ניהול החשבון
PSL_DATA_USAGE_RESPONSES:PSL_FILES_AND_DOCS:PSL_DATA_USAGE_COLLECTION_AND_SHARING,PSL_DATA_USAGE_ONLY_COLLECTED,true,MULTIPLE_CHOICE,"שימוש בנתונים וטיפול בהם (קבצים ומסמכים) / האם הנתונים האלה נאספים, משותפים או שניהם? / נאספים"
PSL_DATA_USAGE_RESPONSES:PSL_FILES_AND_DOCS:PSL_DATA_USAGE_COLLECTION_AND_SHARING,PSL_DATA_USAGE_ONLY_SHARED,,MULTIPLE_CHOICE,"שימוש בנתונים וטיפול בהם (קבצים ומסמכים) / האם הנתונים האלה נאספים, משותפים או שניהם? / משותפים"
PSL_DATA_USAGE_RESPONSES:PSL_FILES_AND_DOCS:PSL_DATA_USAGE_EPHEMERAL,,false,MAYBE_REQUIRED,שימוש בנתונים וטיפול בהם (קבצים ומסמכים) / האם הנתונים האלה מעובדים באופן זמני?
PSL_DATA_USAGE_RESPONSES:PSL_FILES_AND_DOCS:DATA_USAGE_USER_CONTROL,PSL_DATA_USAGE_USER_CONTROL_OPTIONAL,true,SINGLE_CHOICE,שימוש בנתונים וטיפול בהם (קבצים ומסמכים) / האם הנתונים האלה נדרשים באפליקציה שלך או שהמשתמשים יכולים לבחור אם הם יאספו? / המשתמשים יכולים לבחור אם הנתונים האלה ייאספו
PSL_DATA_USAGE_RESPONSES:PSL_FILES_AND_DOCS:DATA_USAGE_USER_CONTROL,PSL_DATA_USAGE_USER_CONTROL_REQUIRED,,SINGLE_CHOICE,שימוש בנתונים וטיפול בהם (קבצים ומסמכים) / האם הנתונים האלה נדרשים באפליקציה שלך או שהמשתמשים יכולים לבחור אם הם יאספו? / איסוף הנתונים נדרש (המשתמשים לא יכולים להשבית את איסוף הנתונים)
PSL_DATA_USAGE_RESPONSES:PSL_FILES_AND_DOCS:DATA_USAGE_COLLECTION_PURPOSE,PSL_APP_FUNCTIONALITY,true,MULTIPLE_CHOICE,שימוש בנתונים וטיפול בהם (קבצים ומסמכים) / למה נתוני המשתמשים האלה נאספים? יש לבחור בכל האפשרויות הרלוונטיות. / תכונות האפליקציה
PSL_DATA_USAGE_RESPONSES:PSL_FILES_AND_DOCS:DATA_USAGE_COLLECTION_PURPOSE,PSL_ANALYTICS,,MULTIPLE_CHOICE,שימוש בנתונים וטיפול בהם (קבצים ומסמכים) / למה נתוני המשתמשים האלה נאספים? יש לבחור בכל האפשרויות הרלוונטיות. / Analytics
PSL_DATA_USAGE_RESPONSES:PSL_FILES_AND_DOCS:DATA_USAGE_COLLECTION_PURPOSE,PSL_DEVELOPER_COMMUNICATIONS,,MULTIPLE_CHOICE,שימוש בנתונים וטיפול בהם (קבצים ומסמכים) / למה נתוני המשתמשים האלה נאספים? יש לבחור בכל האפשרויות הרלוונטיות. / הודעות מהמפתחים
PSL_DATA_USAGE_RESPONSES:PSL_FILES_AND_DOCS:DATA_USAGE_COLLECTION_PURPOSE,PSL_FRAUD_PREVENTION_SECURITY,true,MULTIPLE_CHOICE,"שימוש בנתונים וטיפול בהם (קבצים ומסמכים) / למה נתוני המשתמשים האלה נאספים? יש לבחור בכל האפשרויות הרלוונטיות. / מניעת הונאות, אבטחה ותאימות"
PSL_DATA_USAGE_RESPONSES:PSL_FILES_AND_DOCS:DATA_USAGE_COLLECTION_PURPOSE,PSL_ADVERTISING,,MULTIPLE_CHOICE,שימוש בנתונים וטיפול בהם (קבצים ומסמכים) / למה נתוני המשתמשים האלה נאספים? יש לבחור בכל האפשרויות הרלוונטיות. / פרסום או שיווק
PSL_DATA_USAGE_RESPONSES:PSL_FILES_AND_DOCS:DATA_USAGE_COLLECTION_PURPOSE,PSL_PERSONALIZATION,,MULTIPLE_CHOICE,שימוש בנתונים וטיפול בהם (קבצים ומסמכים) / למה נתוני המשתמשים האלה נאספים? יש לבחור בכל האפשרויות הרלוונטיות. / התאמה אישית
PSL_DATA_USAGE_RESPONSES:PSL_FILES_AND_DOCS:DATA_USAGE_COLLECTION_PURPOSE,PSL_ACCOUNT_MANAGEMENT,,MULTIPLE_CHOICE,שימוש בנתונים וטיפול בהם (קבצים ומסמכים) / למה נתוני המשתמשים האלה נאספים? יש לבחור בכל האפשרויות הרלוונטיות. / ניהול החשבון
PSL_DATA_USAGE_RESPONSES:PSL_FILES_AND_DOCS:DATA_USAGE_SHARING_PURPOSE,PSL_APP_FUNCTIONALITY,,MULTIPLE_CHOICE,שימוש בנתונים וטיפול בהם (קבצים ומסמכים) / למה נתוני המשתמשים האלה משותפים? יש לבחור בכל האפשרויות הרלוונטיות. / תכונות האפליקציה
PSL_DATA_USAGE_RESPONSES:PSL_FILES_AND_DOCS:DATA_USAGE_SHARING_PURPOSE,PSL_ANALYTICS,,MULTIPLE_CHOICE,שימוש בנתונים וטיפול בהם (קבצים ומסמכים) / למה נתוני המשתמשים האלה משותפים? יש לבחור בכל האפשרויות הרלוונטיות. / Analytics
PSL_DATA_USAGE_RESPONSES:PSL_FILES_AND_DOCS:DATA_USAGE_SHARING_PURPOSE,PSL_DEVELOPER_COMMUNICATIONS,,MULTIPLE_CHOICE,שימוש בנתונים וטיפול בהם (קבצים ומסמכים) / למה נתוני המשתמשים האלה משותפים? יש לבחור בכל האפשרויות הרלוונטיות. / הודעות מהמפתחים
PSL_DATA_USAGE_RESPONSES:PSL_FILES_AND_DOCS:DATA_USAGE_SHARING_PURPOSE,PSL_FRAUD_PREVENTION_SECURITY,,MULTIPLE_CHOICE,"שימוש בנתונים וטיפול בהם (קבצים ומסמכים) / למה נתוני המשתמשים האלה משותפים? יש לבחור בכל האפשרויות הרלוונטיות. / מניעת הונאות, אבטחה ותאימות"
PSL_DATA_USAGE_RESPONSES:PSL_FILES_AND_DOCS:DATA_USAGE_SHARING_PURPOSE,PSL_ADVERTISING,,MULTIPLE_CHOICE,שימוש בנתונים וטיפול בהם (קבצים ומסמכים) / למה נתוני המשתמשים האלה משותפים? יש לבחור בכל האפשרויות הרלוונטיות. / פרסום או שיווק
PSL_DATA_USAGE_RESPONSES:PSL_FILES_AND_DOCS:DATA_USAGE_SHARING_PURPOSE,PSL_PERSONALIZATION,,MULTIPLE_CHOICE,שימוש בנתונים וטיפול בהם (קבצים ומסמכים) / למה נתוני המשתמשים האלה משותפים? יש לבחור בכל האפשרויות הרלוונטיות. / התאמה אישית
PSL_DATA_USAGE_RESPONSES:PSL_FILES_AND_DOCS:DATA_USAGE_SHARING_PURPOSE,PSL_ACCOUNT_MANAGEMENT,,MULTIPLE_CHOICE,שימוש בנתונים וטיפול בהם (קבצים ומסמכים) / למה נתוני המשתמשים האלה משותפים? יש לבחור בכל האפשרויות הרלוונטיות. / ניהול החשבון
PSL_DATA_USAGE_RESPONSES:PSL_USER_INTERACTION:PSL_DATA_USAGE_COLLECTION_AND_SHARING,PSL_DATA_USAGE_ONLY_COLLECTED,true,MULTIPLE_CHOICE,"שימוש בנתונים וטיפול בהם (אינטראקציות באפליקציה) / האם הנתונים האלה נאספים, משותפים או שניהם? / נאספים"
PSL_DATA_USAGE_RESPONSES:PSL_USER_INTERACTION:PSL_DATA_USAGE_COLLECTION_AND_SHARING,PSL_DATA_USAGE_ONLY_SHARED,,MULTIPLE_CHOICE,"שימוש בנתונים וטיפול בהם (אינטראקציות באפליקציה) / האם הנתונים האלה נאספים, משותפים או שניהם? / משותפים"
PSL_DATA_USAGE_RESPONSES:PSL_USER_INTERACTION:PSL_DATA_USAGE_EPHEMERAL,,false,MAYBE_REQUIRED,שימוש בנתונים וטיפול בהם (אינטראקציות באפליקציה) / האם הנתונים האלה מעובדים באופן זמני?
PSL_DATA_USAGE_RESPONSES:PSL_USER_INTERACTION:DATA_USAGE_USER_CONTROL,PSL_DATA_USAGE_USER_CONTROL_OPTIONAL,,SINGLE_CHOICE,שימוש בנתונים וטיפול בהם (אינטראקציות באפליקציה) / האם הנתונים האלה נדרשים באפליקציה שלך או שהמשתמשים יכולים לבחור אם הם יאספו? / המשתמשים יכולים לבחור אם הנתונים האלה ייאספו
PSL_DATA_USAGE_RESPONSES:PSL_USER_INTERACTION:DATA_USAGE_USER_CONTROL,PSL_DATA_USAGE_USER_CONTROL_REQUIRED,true,SINGLE_CHOICE,שימוש בנתונים וטיפול בהם (אינטראקציות באפליקציה) / האם הנתונים האלה נדרשים באפליקציה שלך או שהמשתמשים יכולים לבחור אם הם יאספו? / איסוף הנתונים נדרש (המשתמשים לא יכולים להשבית את איסוף הנתונים)
PSL_DATA_USAGE_RESPONSES:PSL_USER_INTERACTION:DATA_USAGE_COLLECTION_PURPOSE,PSL_APP_FUNCTIONALITY,true,MULTIPLE_CHOICE,שימוש בנתונים וטיפול בהם (אינטראקציות באפליקציה) / למה נתוני המשתמשים האלה נאספים? יש לבחור בכל האפשרויות הרלוונטיות. / תכונות האפליקציה
PSL_DATA_USAGE_RESPONSES:PSL_USER_INTERACTION:DATA_USAGE_COLLECTION_PURPOSE,PSL_ANALYTICS,,MULTIPLE_CHOICE,שימוש בנתונים וטיפול בהם (אינטראקציות באפליקציה) / למה נתוני המשתמשים האלה נאספים? יש לבחור בכל האפשרויות הרלוונטיות. / Analytics
PSL_DATA_USAGE_RESPONSES:PSL_USER_INTERACTION:DATA_USAGE_COLLECTION_PURPOSE,PSL_DEVELOPER_COMMUNICATIONS,,MULTIPLE_CHOICE,שימוש בנתונים וטיפול בהם (אינטראקציות באפליקציה) / למה נתוני המשתמשים האלה נאספים? יש לבחור בכל האפשרויות הרלוונטיות. / הודעות מהמפתחים
PSL_DATA_USAGE_RESPONSES:PSL_USER_INTERACTION:DATA_USAGE_COLLECTION_PURPOSE,PSL_FRAUD_PREVENTION_SECURITY,true,MULTIPLE_CHOICE,"שימוש בנתונים וטיפול בהם (אינטראקציות באפליקציה) / למה נתוני המשתמשים האלה נאספים? יש לבחור בכל האפשרויות הרלוונטיות. / מניעת הונאות, אבטחה ותאימות"
PSL_DATA_USAGE_RESPONSES:PSL_USER_INTERACTION:DATA_USAGE_COLLECTION_PURPOSE,PSL_ADVERTISING,,MULTIPLE_CHOICE,שימוש בנתונים וטיפול בהם (אינטראקציות באפליקציה) / למה נתוני המשתמשים האלה נאספים? יש לבחור בכל האפשרויות הרלוונטיות. / פרסום או שיווק
PSL_DATA_USAGE_RESPONSES:PSL_USER_INTERACTION:DATA_USAGE_COLLECTION_PURPOSE,PSL_PERSONALIZATION,,MULTIPLE_CHOICE,שימוש בנתונים וטיפול בהם (אינטראקציות באפליקציה) / למה נתוני המשתמשים האלה נאספים? יש לבחור בכל האפשרויות הרלוונטיות. / התאמה אישית
PSL_DATA_USAGE_RESPONSES:PSL_USER_INTERACTION:DATA_USAGE_COLLECTION_PURPOSE,PSL_ACCOUNT_MANAGEMENT,,MULTIPLE_CHOICE,שימוש בנתונים וטיפול בהם (אינטראקציות באפליקציה) / למה נתוני המשתמשים האלה נאספים? יש לבחור בכל האפשרויות הרלוונטיות. / ניהול החשבון
PSL_DATA_USAGE_RESPONSES:PSL_USER_INTERACTION:DATA_USAGE_SHARING_PURPOSE,PSL_APP_FUNCTIONALITY,,MULTIPLE_CHOICE,שימוש בנתונים וטיפול בהם (אינטראקציות באפליקציה) / למה נתוני המשתמשים האלה משותפים? יש לבחור בכל האפשרויות הרלוונטיות. / תכונות האפליקציה
PSL_DATA_USAGE_RESPONSES:PSL_USER_INTERACTION:DATA_USAGE_SHARING_PURPOSE,PSL_ANALYTICS,,MULTIPLE_CHOICE,שימוש בנתונים וטיפול בהם (אינטראקציות באפליקציה) / למה נתוני המשתמשים האלה משותפים? יש לבחור בכל האפשרויות הרלוונטיות. / Analytics
PSL_DATA_USAGE_RESPONSES:PSL_USER_INTERACTION:DATA_USAGE_SHARING_PURPOSE,PSL_DEVELOPER_COMMUNICATIONS,,MULTIPLE_CHOICE,שימוש בנתונים וטיפול בהם (אינטראקציות באפליקציה) / למה נתוני המשתמשים האלה משותפים? יש לבחור בכל האפשרויות הרלוונטיות. / הודעות מהמפתחים
PSL_DATA_USAGE_RESPONSES:PSL_USER_INTERACTION:DATA_USAGE_SHARING_PURPOSE,PSL_FRAUD_PREVENTION_SECURITY,,MULTIPLE_CHOICE,"שימוש בנתונים וטיפול בהם (אינטראקציות באפליקציה) / למה נתוני המשתמשים האלה משותפים? יש לבחור בכל האפשרויות הרלוונטיות. / מניעת הונאות, אבטחה ותאימות"
PSL_DATA_USAGE_RESPONSES:PSL_USER_INTERACTION:DATA_USAGE_SHARING_PURPOSE,PSL_ADVERTISING,,MULTIPLE_CHOICE,שימוש בנתונים וטיפול בהם (אינטראקציות באפליקציה) / למה נתוני המשתמשים האלה משותפים? יש לבחור בכל האפשרויות הרלוונטיות. / פרסום או שיווק
PSL_DATA_USAGE_RESPONSES:PSL_USER_INTERACTION:DATA_USAGE_SHARING_PURPOSE,PSL_PERSONALIZATION,,MULTIPLE_CHOICE,שימוש בנתונים וטיפול בהם (אינטראקציות באפליקציה) / למה נתוני המשתמשים האלה משותפים? יש לבחור בכל האפשרויות הרלוונטיות. / התאמה אישית
PSL_DATA_USAGE_RESPONSES:PSL_USER_INTERACTION:DATA_USAGE_SHARING_PURPOSE,PSL_ACCOUNT_MANAGEMENT,,MULTIPLE_CHOICE,שימוש בנתונים וטיפול בהם (אינטראקציות באפליקציה) / למה נתוני המשתמשים האלה משותפים? יש לבחור בכל האפשרויות הרלוונטיות. / ניהול החשבון
PSL_DATA_USAGE_RESPONSES:PSL_IN_APP_SEARCH_HISTORY:PSL_DATA_USAGE_COLLECTION_AND_SHARING,PSL_DATA_USAGE_ONLY_COLLECTED,,MULTIPLE_CHOICE,"שימוש בנתונים וטיפול בהם (היסטוריית חיפושים בתוך האפליקציה) / האם הנתונים האלה נאספים, משותפים או שניהם? / נאספים"
PSL_DATA_USAGE_RESPONSES:PSL_IN_APP_SEARCH_HISTORY:PSL_DATA_USAGE_COLLECTION_AND_SHARING,PSL_DATA_USAGE_ONLY_SHARED,,MULTIPLE_CHOICE,"שימוש בנתונים וטיפול בהם (היסטוריית חיפושים בתוך האפליקציה) / האם הנתונים האלה נאספים, משותפים או שניהם? / משותפים"
PSL_DATA_USAGE_RESPONSES:PSL_IN_APP_SEARCH_HISTORY:PSL_DATA_USAGE_EPHEMERAL,,,MAYBE_REQUIRED,שימוש בנתונים וטיפול בהם (היסטוריית חיפושים בתוך האפליקציה) / האם הנתונים האלה מעובדים באופן זמני?
PSL_DATA_USAGE_RESPONSES:PSL_IN_APP_SEARCH_HISTORY:DATA_USAGE_USER_CONTROL,PSL_DATA_USAGE_USER_CONTROL_OPTIONAL,,SINGLE_CHOICE,שימוש בנתונים וטיפול בהם (היסטוריית חיפושים בתוך האפליקציה) / האם הנתונים האלה נדרשים באפליקציה שלך או שהמשתמשים יכולים לבחור אם הם יאספו? / המשתמשים יכולים לבחור אם הנתונים האלה ייאספו
PSL_DATA_USAGE_RESPONSES:PSL_IN_APP_SEARCH_HISTORY:DATA_USAGE_USER_CONTROL,PSL_DATA_USAGE_USER_CONTROL_REQUIRED,,SINGLE_CHOICE,שימוש בנתונים וטיפול בהם (היסטוריית חיפושים בתוך האפליקציה) / האם הנתונים האלה נדרשים באפליקציה שלך או שהמשתמשים יכולים לבחור אם הם יאספו? / איסוף הנתונים נדרש (המשתמשים לא יכולים להשבית את איסוף הנתונים)
PSL_DATA_USAGE_RESPONSES:PSL_IN_APP_SEARCH_HISTORY:DATA_USAGE_COLLECTION_PURPOSE,PSL_APP_FUNCTIONALITY,,MULTIPLE_CHOICE,שימוש בנתונים וטיפול בהם (היסטוריית חיפושים בתוך האפליקציה) / למה נתוני המשתמשים האלה נאספים? יש לבחור בכל האפשרויות הרלוונטיות. / תכונות האפליקציה
PSL_DATA_USAGE_RESPONSES:PSL_IN_APP_SEARCH_HISTORY:DATA_USAGE_COLLECTION_PURPOSE,PSL_ANALYTICS,,MULTIPLE_CHOICE,שימוש בנתונים וטיפול בהם (היסטוריית חיפושים בתוך האפליקציה) / למה נתוני המשתמשים האלה נאספים? יש לבחור בכל האפשרויות הרלוונטיות. / Analytics
PSL_DATA_USAGE_RESPONSES:PSL_IN_APP_SEARCH_HISTORY:DATA_USAGE_COLLECTION_PURPOSE,PSL_DEVELOPER_COMMUNICATIONS,,MULTIPLE_CHOICE,שימוש בנתונים וטיפול בהם (היסטוריית חיפושים בתוך האפליקציה) / למה נתוני המשתמשים האלה נאספים? יש לבחור בכל האפשרויות הרלוונטיות. / הודעות מהמפתחים
PSL_DATA_USAGE_RESPONSES:PSL_IN_APP_SEARCH_HISTORY:DATA_USAGE_COLLECTION_PURPOSE,PSL_FRAUD_PREVENTION_SECURITY,,MULTIPLE_CHOICE,"שימוש בנתונים וטיפול בהם (היסטוריית חיפושים בתוך האפליקציה) / למה נתוני המשתמשים האלה נאספים? יש לבחור בכל האפשרויות הרלוונטיות. / מניעת הונאות, אבטחה ותאימות"
PSL_DATA_USAGE_RESPONSES:PSL_IN_APP_SEARCH_HISTORY:DATA_USAGE_COLLECTION_PURPOSE,PSL_ADVERTISING,,MULTIPLE_CHOICE,שימוש בנתונים וטיפול בהם (היסטוריית חיפושים בתוך האפליקציה) / למה נתוני המשתמשים האלה נאספים? יש לבחור בכל האפשרויות הרלוונטיות. / פרסום או שיווק
PSL_DATA_USAGE_RESPONSES:PSL_IN_APP_SEARCH_HISTORY:DATA_USAGE_COLLECTION_PURPOSE,PSL_PERSONALIZATION,,MULTIPLE_CHOICE,שימוש בנתונים וטיפול בהם (היסטוריית חיפושים בתוך האפליקציה) / למה נתוני המשתמשים האלה נאספים? יש לבחור בכל האפשרויות הרלוונטיות. / התאמה אישית
PSL_DATA_USAGE_RESPONSES:PSL_IN_APP_SEARCH_HISTORY:DATA_USAGE_COLLECTION_PURPOSE,PSL_ACCOUNT_MANAGEMENT,,MULTIPLE_CHOICE,שימוש בנתונים וטיפול בהם (היסטוריית חיפושים בתוך האפליקציה) / למה נתוני המשתמשים האלה נאספים? יש לבחור בכל האפשרויות הרלוונטיות. / ניהול החשבון
PSL_DATA_USAGE_RESPONSES:PSL_IN_APP_SEARCH_HISTORY:DATA_USAGE_SHARING_PURPOSE,PSL_APP_FUNCTIONALITY,,MULTIPLE_CHOICE,שימוש בנתונים וטיפול בהם (היסטוריית חיפושים בתוך האפליקציה) / למה נתוני המשתמשים האלה משותפים? יש לבחור בכל האפשרויות הרלוונטיות. / תכונות האפליקציה
PSL_DATA_USAGE_RESPONSES:PSL_IN_APP_SEARCH_HISTORY:DATA_USAGE_SHARING_PURPOSE,PSL_ANALYTICS,,MULTIPLE_CHOICE,שימוש בנתונים וטיפול בהם (היסטוריית חיפושים בתוך האפליקציה) / למה נתוני המשתמשים האלה משותפים? יש לבחור בכל האפשרויות הרלוונטיות. / Analytics
PSL_DATA_USAGE_RESPONSES:PSL_IN_APP_SEARCH_HISTORY:DATA_USAGE_SHARING_PURPOSE,PSL_DEVELOPER_COMMUNICATIONS,,MULTIPLE_CHOICE,שימוש בנתונים וטיפול בהם (היסטוריית חיפושים בתוך האפליקציה) / למה נתוני המשתמשים האלה משותפים? יש לבחור בכל האפשרויות הרלוונטיות. / הודעות מהמפתחים
PSL_DATA_USAGE_RESPONSES:PSL_IN_APP_SEARCH_HISTORY:DATA_USAGE_SHARING_PURPOSE,PSL_FRAUD_PREVENTION_SECURITY,,MULTIPLE_CHOICE,"שימוש בנתונים וטיפול בהם (היסטוריית חיפושים בתוך האפליקציה) / למה נתוני המשתמשים האלה משותפים? יש לבחור בכל האפשרויות הרלוונטיות. / מניעת הונאות, אבטחה ותאימות"
PSL_DATA_USAGE_RESPONSES:PSL_IN_APP_SEARCH_HISTORY:DATA_USAGE_SHARING_PURPOSE,PSL_ADVERTISING,,MULTIPLE_CHOICE,שימוש בנתונים וטיפול בהם (היסטוריית חיפושים בתוך האפליקציה) / למה נתוני המשתמשים האלה משותפים? יש לבחור בכל האפשרויות הרלוונטיות. / פרסום או שיווק
PSL_DATA_USAGE_RESPONSES:PSL_IN_APP_SEARCH_HISTORY:DATA_USAGE_SHARING_PURPOSE,PSL_PERSONALIZATION,,MULTIPLE_CHOICE,שימוש בנתונים וטיפול בהם (היסטוריית חיפושים בתוך האפליקציה) / למה נתוני המשתמשים האלה משותפים? יש לבחור בכל האפשרויות הרלוונטיות. / התאמה אישית
PSL_DATA_USAGE_RESPONSES:PSL_IN_APP_SEARCH_HISTORY:DATA_USAGE_SHARING_PURPOSE,PSL_ACCOUNT_MANAGEMENT,,MULTIPLE_CHOICE,שימוש בנתונים וטיפול בהם (היסטוריית חיפושים בתוך האפליקציה) / למה נתוני המשתמשים האלה משותפים? יש לבחור בכל האפשרויות הרלוונטיות. / ניהול החשבון
PSL_DATA_USAGE_RESPONSES:PSL_APPS_ON_DEVICE:PSL_DATA_USAGE_COLLECTION_AND_SHARING,PSL_DATA_USAGE_ONLY_COLLECTED,,MULTIPLE_CHOICE,"שימוש בנתונים וטיפול בהם (אפליקציות מותקנות) / האם הנתונים האלה נאספים, משותפים או שניהם? / נאספים"
PSL_DATA_USAGE_RESPONSES:PSL_APPS_ON_DEVICE:PSL_DATA_USAGE_COLLECTION_AND_SHARING,PSL_DATA_USAGE_ONLY_SHARED,,MULTIPLE_CHOICE,"שימוש בנתונים וטיפול בהם (אפליקציות מותקנות) / האם הנתונים האלה נאספים, משותפים או שניהם? / משותפים"
PSL_DATA_USAGE_RESPONSES:PSL_APPS_ON_DEVICE:PSL_DATA_USAGE_EPHEMERAL,,,MAYBE_REQUIRED,שימוש בנתונים וטיפול בהם (אפליקציות מותקנות) / האם הנתונים האלה מעובדים באופן זמני?
PSL_DATA_USAGE_RESPONSES:PSL_APPS_ON_DEVICE:DATA_USAGE_USER_CONTROL,PSL_DATA_USAGE_USER_CONTROL_OPTIONAL,,SINGLE_CHOICE,שימוש בנתונים וטיפול בהם (אפליקציות מותקנות) / האם הנתונים האלה נדרשים באפליקציה שלך או שהמשתמשים יכולים לבחור אם הם יאספו? / המשתמשים יכולים לבחור אם הנתונים האלה ייאספו
PSL_DATA_USAGE_RESPONSES:PSL_APPS_ON_DEVICE:DATA_USAGE_USER_CONTROL,PSL_DATA_USAGE_USER_CONTROL_REQUIRED,,SINGLE_CHOICE,שימוש בנתונים וטיפול בהם (אפליקציות מותקנות) / האם הנתונים האלה נדרשים באפליקציה שלך או שהמשתמשים יכולים לבחור אם הם יאספו? / איסוף הנתונים נדרש (המשתמשים לא יכולים להשבית את איסוף הנתונים)
PSL_DATA_USAGE_RESPONSES:PSL_APPS_ON_DEVICE:DATA_USAGE_COLLECTION_PURPOSE,PSL_APP_FUNCTIONALITY,,MULTIPLE_CHOICE,שימוש בנתונים וטיפול בהם (אפליקציות מותקנות) / למה נתוני המשתמשים האלה נאספים? יש לבחור בכל האפשרויות הרלוונטיות. / תכונות האפליקציה
PSL_DATA_USAGE_RESPONSES:PSL_APPS_ON_DEVICE:DATA_USAGE_COLLECTION_PURPOSE,PSL_ANALYTICS,,MULTIPLE_CHOICE,שימוש בנתונים וטיפול בהם (אפליקציות מותקנות) / למה נתוני המשתמשים האלה נאספים? יש לבחור בכל האפשרויות הרלוונטיות. / Analytics
PSL_DATA_USAGE_RESPONSES:PSL_APPS_ON_DEVICE:DATA_USAGE_COLLECTION_PURPOSE,PSL_DEVELOPER_COMMUNICATIONS,,MULTIPLE_CHOICE,שימוש בנתונים וטיפול בהם (אפליקציות מותקנות) / למה נתוני המשתמשים האלה נאספים? יש לבחור בכל האפשרויות הרלוונטיות. / הודעות מהמפתחים
PSL_DATA_USAGE_RESPONSES:PSL_APPS_ON_DEVICE:DATA_USAGE_COLLECTION_PURPOSE,PSL_FRAUD_PREVENTION_SECURITY,,MULTIPLE_CHOICE,"שימוש בנתונים וטיפול בהם (אפליקציות מותקנות) / למה נתוני המשתמשים האלה נאספים? יש לבחור בכל האפשרויות הרלוונטיות. / מניעת הונאות, אבטחה ותאימות"
PSL_DATA_USAGE_RESPONSES:PSL_APPS_ON_DEVICE:DATA_USAGE_COLLECTION_PURPOSE,PSL_ADVERTISING,,MULTIPLE_CHOICE,שימוש בנתונים וטיפול בהם (אפליקציות מותקנות) / למה נתוני המשתמשים האלה נאספים? יש לבחור בכל האפשרויות הרלוונטיות. / פרסום או שיווק
PSL_DATA_USAGE_RESPONSES:PSL_APPS_ON_DEVICE:DATA_USAGE_COLLECTION_PURPOSE,PSL_PERSONALIZATION,,MULTIPLE_CHOICE,שימוש בנתונים וטיפול בהם (אפליקציות מותקנות) / למה נתוני המשתמשים האלה נאספים? יש לבחור בכל האפשרויות הרלוונטיות. / התאמה אישית
PSL_DATA_USAGE_RESPONSES:PSL_APPS_ON_DEVICE:DATA_USAGE_COLLECTION_PURPOSE,PSL_ACCOUNT_MANAGEMENT,,MULTIPLE_CHOICE,שימוש בנתונים וטיפול בהם (אפליקציות מותקנות) / למה נתוני המשתמשים האלה נאספים? יש לבחור בכל האפשרויות הרלוונטיות. / ניהול החשבון
PSL_DATA_USAGE_RESPONSES:PSL_APPS_ON_DEVICE:DATA_USAGE_SHARING_PURPOSE,PSL_APP_FUNCTIONALITY,,MULTIPLE_CHOICE,שימוש בנתונים וטיפול בהם (אפליקציות מותקנות) / למה נתוני המשתמשים האלה משותפים? יש לבחור בכל האפשרויות הרלוונטיות. / תכונות האפליקציה
PSL_DATA_USAGE_RESPONSES:PSL_APPS_ON_DEVICE:DATA_USAGE_SHARING_PURPOSE,PSL_ANALYTICS,,MULTIPLE_CHOICE,שימוש בנתונים וטיפול בהם (אפליקציות מותקנות) / למה נתוני המשתמשים האלה משותפים? יש לבחור בכל האפשרויות הרלוונטיות. / Analytics
PSL_DATA_USAGE_RESPONSES:PSL_APPS_ON_DEVICE:DATA_USAGE_SHARING_PURPOSE,PSL_DEVELOPER_COMMUNICATIONS,,MULTIPLE_CHOICE,שימוש בנתונים וטיפול בהם (אפליקציות מותקנות) / למה נתוני המשתמשים האלה משותפים? יש לבחור בכל האפשרויות הרלוונטיות. / הודעות מהמפתחים
PSL_DATA_USAGE_RESPONSES:PSL_APPS_ON_DEVICE:DATA_USAGE_SHARING_PURPOSE,PSL_FRAUD_PREVENTION_SECURITY,,MULTIPLE_CHOICE,"שימוש בנתונים וטיפול בהם (אפליקציות מותקנות) / למה נתוני המשתמשים האלה משותפים? יש לבחור בכל האפשרויות הרלוונטיות. / מניעת הונאות, אבטחה ותאימות"
PSL_DATA_USAGE_RESPONSES:PSL_APPS_ON_DEVICE:DATA_USAGE_SHARING_PURPOSE,PSL_ADVERTISING,,MULTIPLE_CHOICE,שימוש בנתונים וטיפול בהם (אפליקציות מותקנות) / למה נתוני המשתמשים האלה משותפים? יש לבחור בכל האפשרויות הרלוונטיות. / פרסום או שיווק
PSL_DATA_USAGE_RESPONSES:PSL_APPS_ON_DEVICE:DATA_USAGE_SHARING_PURPOSE,PSL_PERSONALIZATION,,MULTIPLE_CHOICE,שימוש בנתונים וטיפול בהם (אפליקציות מותקנות) / למה נתוני המשתמשים האלה משותפים? יש לבחור בכל האפשרויות הרלוונטיות. / התאמה אישית
PSL_DATA_USAGE_RESPONSES:PSL_APPS_ON_DEVICE:DATA_USAGE_SHARING_PURPOSE,PSL_ACCOUNT_MANAGEMENT,,MULTIPLE_CHOICE,שימוש בנתונים וטיפול בהם (אפליקציות מותקנות) / למה נתוני המשתמשים האלה משותפים? יש לבחור בכל האפשרויות הרלוונטיות. / ניהול החשבון
PSL_DATA_USAGE_RESPONSES:PSL_USER_GENERATED_CONTENT:PSL_DATA_USAGE_COLLECTION_AND_SHARING,PSL_DATA_USAGE_ONLY_COLLECTED,true,MULTIPLE_CHOICE,"שימוש בנתונים וטיפול בהם (תוכן אחר של משתמשים) / האם הנתונים האלה נאספים, משותפים או שניהם? / נאספים"
PSL_DATA_USAGE_RESPONSES:PSL_USER_GENERATED_CONTENT:PSL_DATA_USAGE_COLLECTION_AND_SHARING,PSL_DATA_USAGE_ONLY_SHARED,,MULTIPLE_CHOICE,"שימוש בנתונים וטיפול בהם (תוכן אחר של משתמשים) / האם הנתונים האלה נאספים, משותפים או שניהם? / משותפים"
PSL_DATA_USAGE_RESPONSES:PSL_USER_GENERATED_CONTENT:PSL_DATA_USAGE_EPHEMERAL,,false,MAYBE_REQUIRED,שימוש בנתונים וטיפול בהם (תוכן אחר של משתמשים) / האם הנתונים האלה מעובדים באופן זמני?
PSL_DATA_USAGE_RESPONSES:PSL_USER_GENERATED_CONTENT:DATA_USAGE_USER_CONTROL,PSL_DATA_USAGE_USER_CONTROL_OPTIONAL,true,SINGLE_CHOICE,שימוש בנתונים וטיפול בהם (תוכן אחר של משתמשים) / האם הנתונים האלה נדרשים באפליקציה שלך או שהמשתמשים יכולים לבחור אם הם יאספו? / המשתמשים יכולים לבחור אם הנתונים האלה ייאספו
PSL_DATA_USAGE_RESPONSES:PSL_USER_GENERATED_CONTENT:DATA_USAGE_USER_CONTROL,PSL_DATA_USAGE_USER_CONTROL_REQUIRED,,SINGLE_CHOICE,שימוש בנתונים וטיפול בהם (תוכן אחר של משתמשים) / האם הנתונים האלה נדרשים באפליקציה שלך או שהמשתמשים יכולים לבחור אם הם יאספו? / איסוף הנתונים נדרש (המשתמשים לא יכולים להשבית את איסוף הנתונים)
PSL_DATA_USAGE_RESPONSES:PSL_USER_GENERATED_CONTENT:DATA_USAGE_COLLECTION_PURPOSE,PSL_APP_FUNCTIONALITY,true,MULTIPLE_CHOICE,שימוש בנתונים וטיפול בהם (תוכן אחר של משתמשים) / למה נתוני המשתמשים האלה נאספים? יש לבחור בכל האפשרויות הרלוונטיות. / תכונות האפליקציה
PSL_DATA_USAGE_RESPONSES:PSL_USER_GENERATED_CONTENT:DATA_USAGE_COLLECTION_PURPOSE,PSL_ANALYTICS,,MULTIPLE_CHOICE,שימוש בנתונים וטיפול בהם (תוכן אחר של משתמשים) / למה נתוני המשתמשים האלה נאספים? יש לבחור בכל האפשרויות הרלוונטיות. / Analytics
PSL_DATA_USAGE_RESPONSES:PSL_USER_GENERATED_CONTENT:DATA_USAGE_COLLECTION_PURPOSE,PSL_DEVELOPER_COMMUNICATIONS,,MULTIPLE_CHOICE,שימוש בנתונים וטיפול בהם (תוכן אחר של משתמשים) / למה נתוני המשתמשים האלה נאספים? יש לבחור בכל האפשרויות הרלוונטיות. / הודעות מהמפתחים
PSL_DATA_USAGE_RESPONSES:PSL_USER_GENERATED_CONTENT:DATA_USAGE_COLLECTION_PURPOSE,PSL_FRAUD_PREVENTION_SECURITY,true,MULTIPLE_CHOICE,"שימוש בנתונים וטיפול בהם (תוכן אחר של משתמשים) / למה נתוני המשתמשים האלה נאספים? יש לבחור בכל האפשרויות הרלוונטיות. / מניעת הונאות, אבטחה ותאימות"
PSL_DATA_USAGE_RESPONSES:PSL_USER_GENERATED_CONTENT:DATA_USAGE_COLLECTION_PURPOSE,PSL_ADVERTISING,,MULTIPLE_CHOICE,שימוש בנתונים וטיפול בהם (תוכן אחר של משתמשים) / למה נתוני המשתמשים האלה נאספים? יש לבחור בכל האפשרויות הרלוונטיות. / פרסום או שיווק
PSL_DATA_USAGE_RESPONSES:PSL_USER_GENERATED_CONTENT:DATA_USAGE_COLLECTION_PURPOSE,PSL_PERSONALIZATION,,MULTIPLE_CHOICE,שימוש בנתונים וטיפול בהם (תוכן אחר של משתמשים) / למה נתוני המשתמשים האלה נאספים? יש לבחור בכל האפשרויות הרלוונטיות. / התאמה אישית
PSL_DATA_USAGE_RESPONSES:PSL_USER_GENERATED_CONTENT:DATA_USAGE_COLLECTION_PURPOSE,PSL_ACCOUNT_MANAGEMENT,,MULTIPLE_CHOICE,שימוש בנתונים וטיפול בהם (תוכן אחר של משתמשים) / למה נתוני המשתמשים האלה נאספים? יש לבחור בכל האפשרויות הרלוונטיות. / ניהול החשבון
PSL_DATA_USAGE_RESPONSES:PSL_USER_GENERATED_CONTENT:DATA_USAGE_SHARING_PURPOSE,PSL_APP_FUNCTIONALITY,,MULTIPLE_CHOICE,שימוש בנתונים וטיפול בהם (תוכן אחר של משתמשים) / למה נתוני המשתמשים האלה משותפים? יש לבחור בכל האפשרויות הרלוונטיות. / תכונות האפליקציה
PSL_DATA_USAGE_RESPONSES:PSL_USER_GENERATED_CONTENT:DATA_USAGE_SHARING_PURPOSE,PSL_ANALYTICS,,MULTIPLE_CHOICE,שימוש בנתונים וטיפול בהם (תוכן אחר של משתמשים) / למה נתוני המשתמשים האלה משותפים? יש לבחור בכל האפשרויות הרלוונטיות. / Analytics
PSL_DATA_USAGE_RESPONSES:PSL_USER_GENERATED_CONTENT:DATA_USAGE_SHARING_PURPOSE,PSL_DEVELOPER_COMMUNICATIONS,,MULTIPLE_CHOICE,שימוש בנתונים וטיפול בהם (תוכן אחר של משתמשים) / למה נתוני המשתמשים האלה משותפים? יש לבחור בכל האפשרויות הרלוונטיות. / הודעות מהמפתחים
PSL_DATA_USAGE_RESPONSES:PSL_USER_GENERATED_CONTENT:DATA_USAGE_SHARING_PURPOSE,PSL_FRAUD_PREVENTION_SECURITY,,MULTIPLE_CHOICE,"שימוש בנתונים וטיפול בהם (תוכן אחר של משתמשים) / למה נתוני המשתמשים האלה משותפים? יש לבחור בכל האפשרויות הרלוונטיות. / מניעת הונאות, אבטחה ותאימות"
PSL_DATA_USAGE_RESPONSES:PSL_USER_GENERATED_CONTENT:DATA_USAGE_SHARING_PURPOSE,PSL_ADVERTISING,,MULTIPLE_CHOICE,שימוש בנתונים וטיפול בהם (תוכן אחר של משתמשים) / למה נתוני המשתמשים האלה משותפים? יש לבחור בכל האפשרויות הרלוונטיות. / פרסום או שיווק
PSL_DATA_USAGE_RESPONSES:PSL_USER_GENERATED_CONTENT:DATA_USAGE_SHARING_PURPOSE,PSL_PERSONALIZATION,,MULTIPLE_CHOICE,שימוש בנתונים וטיפול בהם (תוכן אחר של משתמשים) / למה נתוני המשתמשים האלה משותפים? יש לבחור בכל האפשרויות הרלוונטיות. / התאמה אישית
PSL_DATA_USAGE_RESPONSES:PSL_USER_GENERATED_CONTENT:DATA_USAGE_SHARING_PURPOSE,PSL_ACCOUNT_MANAGEMENT,,MULTIPLE_CHOICE,שימוש בנתונים וטיפול בהם (תוכן אחר של משתמשים) / למה נתוני המשתמשים האלה משותפים? יש לבחור בכל האפשרויות הרלוונטיות. / ניהול החשבון
PSL_DATA_USAGE_RESPONSES:PSL_OTHER_APP_ACTIVITY:PSL_DATA_USAGE_COLLECTION_AND_SHARING,PSL_DATA_USAGE_ONLY_COLLECTED,true,MULTIPLE_CHOICE,"שימוש בנתונים וטיפול בהם (פעולות אחרות) / האם הנתונים האלה נאספים, משותפים או שניהם? / נאספים"
PSL_DATA_USAGE_RESPONSES:PSL_OTHER_APP_ACTIVITY:PSL_DATA_USAGE_COLLECTION_AND_SHARING,PSL_DATA_USAGE_ONLY_SHARED,,MULTIPLE_CHOICE,"שימוש בנתונים וטיפול בהם (פעולות אחרות) / האם הנתונים האלה נאספים, משותפים או שניהם? / משותפים"
PSL_DATA_USAGE_RESPONSES:PSL_OTHER_APP_ACTIVITY:PSL_DATA_USAGE_EPHEMERAL,,false,MAYBE_REQUIRED,שימוש בנתונים וטיפול בהם (פעולות אחרות) / האם הנתונים האלה מעובדים באופן זמני?
PSL_DATA_USAGE_RESPONSES:PSL_OTHER_APP_ACTIVITY:DATA_USAGE_USER_CONTROL,PSL_DATA_USAGE_USER_CONTROL_OPTIONAL,,SINGLE_CHOICE,שימוש בנתונים וטיפול בהם (פעולות אחרות) / האם הנתונים האלה נדרשים באפליקציה שלך או שהמשתמשים יכולים לבחור אם הם יאספו? / המשתמשים יכולים לבחור אם הנתונים האלה ייאספו
PSL_DATA_USAGE_RESPONSES:PSL_OTHER_APP_ACTIVITY:DATA_USAGE_USER_CONTROL,PSL_DATA_USAGE_USER_CONTROL_REQUIRED,true,SINGLE_CHOICE,שימוש בנתונים וטיפול בהם (פעולות אחרות) / האם הנתונים האלה נדרשים באפליקציה שלך או שהמשתמשים יכולים לבחור אם הם יאספו? / איסוף הנתונים נדרש (המשתמשים לא יכולים להשבית את איסוף הנתונים)
PSL_DATA_USAGE_RESPONSES:PSL_OTHER_APP_ACTIVITY:DATA_USAGE_COLLECTION_PURPOSE,PSL_APP_FUNCTIONALITY,true,MULTIPLE_CHOICE,שימוש בנתונים וטיפול בהם (פעולות אחרות) / למה נתוני המשתמשים האלה נאספים? יש לבחור בכל האפשרויות הרלוונטיות. / תכונות האפליקציה
PSL_DATA_USAGE_RESPONSES:PSL_OTHER_APP_ACTIVITY:DATA_USAGE_COLLECTION_PURPOSE,PSL_ANALYTICS,,MULTIPLE_CHOICE,שימוש בנתונים וטיפול בהם (פעולות אחרות) / למה נתוני המשתמשים האלה נאספים? יש לבחור בכל האפשרויות הרלוונטיות. / Analytics
PSL_DATA_USAGE_RESPONSES:PSL_OTHER_APP_ACTIVITY:DATA_USAGE_COLLECTION_PURPOSE,PSL_DEVELOPER_COMMUNICATIONS,,MULTIPLE_CHOICE,שימוש בנתונים וטיפול בהם (פעולות אחרות) / למה נתוני המשתמשים האלה נאספים? יש לבחור בכל האפשרויות הרלוונטיות. / הודעות מהמפתחים
PSL_DATA_USAGE_RESPONSES:PSL_OTHER_APP_ACTIVITY:DATA_USAGE_COLLECTION_PURPOSE,PSL_FRAUD_PREVENTION_SECURITY,true,MULTIPLE_CHOICE,"שימוש בנתונים וטיפול בהם (פעולות אחרות) / למה נתוני המשתמשים האלה נאספים? יש לבחור בכל האפשרויות הרלוונטיות. / מניעת הונאות, אבטחה ותאימות"
PSL_DATA_USAGE_RESPONSES:PSL_OTHER_APP_ACTIVITY:DATA_USAGE_COLLECTION_PURPOSE,PSL_ADVERTISING,,MULTIPLE_CHOICE,שימוש בנתונים וטיפול בהם (פעולות אחרות) / למה נתוני המשתמשים האלה נאספים? יש לבחור בכל האפשרויות הרלוונטיות. / פרסום או שיווק
PSL_DATA_USAGE_RESPONSES:PSL_OTHER_APP_ACTIVITY:DATA_USAGE_COLLECTION_PURPOSE,PSL_PERSONALIZATION,,MULTIPLE_CHOICE,שימוש בנתונים וטיפול בהם (פעולות אחרות) / למה נתוני המשתמשים האלה נאספים? יש לבחור בכל האפשרויות הרלוונטיות. / התאמה אישית
PSL_DATA_USAGE_RESPONSES:PSL_OTHER_APP_ACTIVITY:DATA_USAGE_COLLECTION_PURPOSE,PSL_ACCOUNT_MANAGEMENT,,MULTIPLE_CHOICE,שימוש בנתונים וטיפול בהם (פעולות אחרות) / למה נתוני המשתמשים האלה נאספים? יש לבחור בכל האפשרויות הרלוונטיות. / ניהול החשבון
PSL_DATA_USAGE_RESPONSES:PSL_OTHER_APP_ACTIVITY:DATA_USAGE_SHARING_PURPOSE,PSL_APP_FUNCTIONALITY,,MULTIPLE_CHOICE,שימוש בנתונים וטיפול בהם (פעולות אחרות) / למה נתוני המשתמשים האלה משותפים? יש לבחור בכל האפשרויות הרלוונטיות. / תכונות האפליקציה
PSL_DATA_USAGE_RESPONSES:PSL_OTHER_APP_ACTIVITY:DATA_USAGE_SHARING_PURPOSE,PSL_ANALYTICS,,MULTIPLE_CHOICE,שימוש בנתונים וטיפול בהם (פעולות אחרות) / למה נתוני המשתמשים האלה משותפים? יש לבחור בכל האפשרויות הרלוונטיות. / Analytics
PSL_DATA_USAGE_RESPONSES:PSL_OTHER_APP_ACTIVITY:DATA_USAGE_SHARING_PURPOSE,PSL_DEVELOPER_COMMUNICATIONS,,MULTIPLE_CHOICE,שימוש בנתונים וטיפול בהם (פעולות אחרות) / למה נתוני המשתמשים האלה משותפים? יש לבחור בכל האפשרויות הרלוונטיות. / הודעות מהמפתחים
PSL_DATA_USAGE_RESPONSES:PSL_OTHER_APP_ACTIVITY:DATA_USAGE_SHARING_PURPOSE,PSL_FRAUD_PREVENTION_SECURITY,,MULTIPLE_CHOICE,"שימוש בנתונים וטיפול בהם (פעולות אחרות) / למה נתוני המשתמשים האלה משותפים? יש לבחור בכל האפשרויות הרלוונטיות. / מניעת הונאות, אבטחה ותאימות"
PSL_DATA_USAGE_RESPONSES:PSL_OTHER_APP_ACTIVITY:DATA_USAGE_SHARING_PURPOSE,PSL_ADVERTISING,,MULTIPLE_CHOICE,שימוש בנתונים וטיפול בהם (פעולות אחרות) / למה נתוני המשתמשים האלה משותפים? יש לבחור בכל האפשרויות הרלוונטיות. / פרסום או שיווק
PSL_DATA_USAGE_RESPONSES:PSL_OTHER_APP_ACTIVITY:DATA_USAGE_SHARING_PURPOSE,PSL_PERSONALIZATION,,MULTIPLE_CHOICE,שימוש בנתונים וטיפול בהם (פעולות אחרות) / למה נתוני המשתמשים האלה משותפים? יש לבחור בכל האפשרויות הרלוונטיות. / התאמה אישית
PSL_DATA_USAGE_RESPONSES:PSL_OTHER_APP_ACTIVITY:DATA_USAGE_SHARING_PURPOSE,PSL_ACCOUNT_MANAGEMENT,,MULTIPLE_CHOICE,שימוש בנתונים וטיפול בהם (פעולות אחרות) / למה נתוני המשתמשים האלה משותפים? יש לבחור בכל האפשרויות הרלוונטיות. / ניהול החשבון
PSL_DATA_USAGE_RESPONSES:PSL_DEVICE_ID:PSL_DATA_USAGE_COLLECTION_AND_SHARING,PSL_DATA_USAGE_ONLY_COLLECTED,true,MULTIPLE_CHOICE,"שימוש בנתונים וטיפול בהם (מזהה המכשיר או מזהים אחרים) / האם הנתונים האלה נאספים, משותפים או שניהם? / נאספים"
PSL_DATA_USAGE_RESPONSES:PSL_DEVICE_ID:PSL_DATA_USAGE_COLLECTION_AND_SHARING,PSL_DATA_USAGE_ONLY_SHARED,,MULTIPLE_CHOICE,"שימוש בנתונים וטיפול בהם (מזהה המכשיר או מזהים אחרים) / האם הנתונים האלה נאספים, משותפים או שניהם? / משותפים"
PSL_DATA_USAGE_RESPONSES:PSL_DEVICE_ID:PSL_DATA_USAGE_EPHEMERAL,,false,MAYBE_REQUIRED,שימוש בנתונים וטיפול בהם (מזהה המכשיר או מזהים אחרים) / האם הנתונים האלה מעובדים באופן זמני?
PSL_DATA_USAGE_RESPONSES:PSL_DEVICE_ID:DATA_USAGE_USER_CONTROL,PSL_DATA_USAGE_USER_CONTROL_OPTIONAL,,SINGLE_CHOICE,שימוש בנתונים וטיפול בהם (מזהה המכשיר או מזהים אחרים) / האם הנתונים האלה נדרשים באפליקציה שלך או שהמשתמשים יכולים לבחור אם הם יאספו? / המשתמשים יכולים לבחור אם הנתונים האלה ייאספו
PSL_DATA_USAGE_RESPONSES:PSL_DEVICE_ID:DATA_USAGE_USER_CONTROL,PSL_DATA_USAGE_USER_CONTROL_REQUIRED,true,SINGLE_CHOICE,שימוש בנתונים וטיפול בהם (מזהה המכשיר או מזהים אחרים) / האם הנתונים האלה נדרשים באפליקציה שלך או שהמשתמשים יכולים לבחור אם הם יאספו? / איסוף הנתונים נדרש (המשתמשים לא יכולים להשבית את איסוף הנתונים)
PSL_DATA_USAGE_RESPONSES:PSL_DEVICE_ID:DATA_USAGE_COLLECTION_PURPOSE,PSL_APP_FUNCTIONALITY,true,MULTIPLE_CHOICE,שימוש בנתונים וטיפול בהם (מזהה המכשיר או מזהים אחרים) / למה נתוני המשתמשים האלה נאספים? יש לבחור בכל האפשרויות הרלוונטיות. / תכונות האפליקציה
PSL_DATA_USAGE_RESPONSES:PSL_DEVICE_ID:DATA_USAGE_COLLECTION_PURPOSE,PSL_ANALYTICS,,MULTIPLE_CHOICE,שימוש בנתונים וטיפול בהם (מזהה המכשיר או מזהים אחרים) / למה נתוני המשתמשים האלה נאספים? יש לבחור בכל האפשרויות הרלוונטיות. / Analytics
PSL_DATA_USAGE_RESPONSES:PSL_DEVICE_ID:DATA_USAGE_COLLECTION_PURPOSE,PSL_DEVELOPER_COMMUNICATIONS,,MULTIPLE_CHOICE,שימוש בנתונים וטיפול בהם (מזהה המכשיר או מזהים אחרים) / למה נתוני המשתמשים האלה נאספים? יש לבחור בכל האפשרויות הרלוונטיות. / הודעות מהמפתחים
PSL_DATA_USAGE_RESPONSES:PSL_DEVICE_ID:DATA_USAGE_COLLECTION_PURPOSE,PSL_FRAUD_PREVENTION_SECURITY,,MULTIPLE_CHOICE,"שימוש בנתונים וטיפול בהם (מזהה המכשיר או מזהים אחרים) / למה נתוני המשתמשים האלה נאספים? יש לבחור בכל האפשרויות הרלוונטיות. / מניעת הונאות, אבטחה ותאימות"
PSL_DATA_USAGE_RESPONSES:PSL_DEVICE_ID:DATA_USAGE_COLLECTION_PURPOSE,PSL_ADVERTISING,,MULTIPLE_CHOICE,שימוש בנתונים וטיפול בהם (מזהה המכשיר או מזהים אחרים) / למה נתוני המשתמשים האלה נאספים? יש לבחור בכל האפשרויות הרלוונטיות. / פרסום או שיווק
PSL_DATA_USAGE_RESPONSES:PSL_DEVICE_ID:DATA_USAGE_COLLECTION_PURPOSE,PSL_PERSONALIZATION,,MULTIPLE_CHOICE,שימוש בנתונים וטיפול בהם (מזהה המכשיר או מזהים אחרים) / למה נתוני המשתמשים האלה נאספים? יש לבחור בכל האפשרויות הרלוונטיות. / התאמה אישית
PSL_DATA_USAGE_RESPONSES:PSL_DEVICE_ID:DATA_USAGE_COLLECTION_PURPOSE,PSL_ACCOUNT_MANAGEMENT,,MULTIPLE_CHOICE,שימוש בנתונים וטיפול בהם (מזהה המכשיר או מזהים אחרים) / למה נתוני המשתמשים האלה נאספים? יש לבחור בכל האפשרויות הרלוונטיות. / ניהול החשבון
PSL_DATA_USAGE_RESPONSES:PSL_DEVICE_ID:DATA_USAGE_SHARING_PURPOSE,PSL_APP_FUNCTIONALITY,,MULTIPLE_CHOICE,שימוש בנתונים וטיפול בהם (מזהה המכשיר או מזהים אחרים) / למה נתוני המשתמשים האלה משותפים? יש לבחור בכל האפשרויות הרלוונטיות. / תכונות האפליקציה
PSL_DATA_USAGE_RESPONSES:PSL_DEVICE_ID:DATA_USAGE_SHARING_PURPOSE,PSL_ANALYTICS,,MULTIPLE_CHOICE,שימוש בנתונים וטיפול בהם (מזהה המכשיר או מזהים אחרים) / למה נתוני המשתמשים האלה משותפים? יש לבחור בכל האפשרויות הרלוונטיות. / Analytics
PSL_DATA_USAGE_RESPONSES:PSL_DEVICE_ID:DATA_USAGE_SHARING_PURPOSE,PSL_DEVELOPER_COMMUNICATIONS,,MULTIPLE_CHOICE,שימוש בנתונים וטיפול בהם (מזהה המכשיר או מזהים אחרים) / למה נתוני המשתמשים האלה משותפים? יש לבחור בכל האפשרויות הרלוונטיות. / הודעות מהמפתחים
PSL_DATA_USAGE_RESPONSES:PSL_DEVICE_ID:DATA_USAGE_SHARING_PURPOSE,PSL_FRAUD_PREVENTION_SECURITY,,MULTIPLE_CHOICE,"שימוש בנתונים וטיפול בהם (מזהה המכשיר או מזהים אחרים) / למה נתוני המשתמשים האלה משותפים? יש לבחור בכל האפשרויות הרלוונטיות. / מניעת הונאות, אבטחה ותאימות"
PSL_DATA_USAGE_RESPONSES:PSL_DEVICE_ID:DATA_USAGE_SHARING_PURPOSE,PSL_ADVERTISING,,MULTIPLE_CHOICE,שימוש בנתונים וטיפול בהם (מזהה המכשיר או מזהים אחרים) / למה נתוני המשתמשים האלה משותפים? יש לבחור בכל האפשרויות הרלוונטיות. / פרסום או שיווק
PSL_DATA_USAGE_RESPONSES:PSL_DEVICE_ID:DATA_USAGE_SHARING_PURPOSE,PSL_PERSONALIZATION,,MULTIPLE_CHOICE,שימוש בנתונים וטיפול בהם (מזהה המכשיר או מזהים אחרים) / למה נתוני המשתמשים האלה משותפים? יש לבחור בכל האפשרויות הרלוונטיות. / התאמה אישית
PSL_DATA_USAGE_RESPONSES:PSL_DEVICE_ID:DATA_USAGE_SHARING_PURPOSE,PSL_ACCOUNT_MANAGEMENT,,MULTIPLE_CHOICE,שימוש בנתונים וטיפול בהם (מזהה המכשיר או מזהים אחרים) / למה נתוני המשתמשים האלה משותפים? יש לבחור בכל האפשרויות הרלוונטיות. / ניהול החשבון
